country_name_short,country_name,election_type,election_date,vote_share,seats,seats_total,party_name_short,party_name,party_name_english,left_right,country_id,election_id,previous_parliament_election_id,previous_cabinet_id,party_id,party_name_ascii,family_name_short,family_name,state_market,liberty_authority,eu_anti_pro,cmp,euprofiler,ees,castles_mair,huber_inglehart,ray,benoit_laver,chess,family_id
AUT,Austria,ep,2014-05-25,26.98,5.0,18,OVP,Österreichische Volkspartei,Austrian People's Party,6.4733,59,818,802.0,1070.0,1013,Oesterreichische Volkspartei,chr,Christian democracy,6.9485,7.6198,8.8451,42520.0,6.0,1040520.0,203.0,309.0,1302.0,4847.0,1302.0,3
AUT,Austria,ep,2014-05-25,24.09,5.0,18,SPO,Sozialdemokratische Partei Österreichs,Social Democratic Party of Austria,3.7293,59,818,802.0,1070.0,973,Sozialdemokratische Partei Oesterreichs,soc,Social democracy,3.4728,3.4766,8.4495,42320.0,11.0,1040320.0,202.0,308.0,1301.0,4865.0,1301.0,11
AUT,Austria,ep,2014-05-25,19.72,4.0,18,FPO,Freiheitliche Partei Österreichs,Freedom Party of Austria,8.3494,59,818,802.0,1070.0,50,Freiheitliche Partei Oesterreichs,right,Right-wing,6.3291,8.5149,1.9815,42420.0,10.0,1040420.0,204.0,311.0,1303.0,4811.0,1303.0,40
AUT,Austria,ep,2014-05-25,14.52,3.0,18,Gruene,Die Grünen – Die Grüne Alternative,The Greens -- The Green Alternative,2.4604,59,818,802.0,1070.0,1429,Die Gruenen -- Die Gruene Alternative,eco,Green/Ecologist,2.7489,1.4308,6.6845,42110.0,9.0,1040110.0,,307.0,1304.0,4829.0,1304.0,19
AUT,Austria,ep,2014-05-25,8.14,1.0,18,NEOS,NEOS – Das Neue Österreich,NEOS -- The New Austria,6.0,59,818,802.0,1070.0,2255,NEOS -- Das Neue Oesterreich,lib,Liberal,6.7,3.5,8.7,,,,,,,,,6
AUT,Austria,ep,2014-05-25,1.18,0.0,18,REKOS,Die Reformkonservativen – REKOS,The Reform Conservatives,7.4,59,818,802.0,1070.0,2339,Die Reformkonservativen -- REKOS,con,Conservative,6.4,6.9,7.8,,,,,,,,,26
AUT,Austria,ep,2014-05-25,2.14,0.0,18,KPO,Kommunistische Partei Österreichs,Communist Party of Austria,0.5,59,818,802.0,1070.0,769,Kommunistische Partei Oesterreichs,com,Communist/Socialist,1.4,3.0,0.0,42220.0,3.0,1040220.0,201.0,,1305.0,,,14
AUT,Austria,ep,2014-05-25,2.76,0.0,18,EU-STOP,"EU-Austritt, Direkte Demokratie, Neutralität","EU Withdrawal, Direct Democracy, Neutrality",,59,818,802.0,1070.0,2340,"EU-Austritt, Direkte Demokratie, Neutralitaet",spec,Special issue,,,,,,,,,,,,16
BEL,Belgium,ep,2014-05-25,16.79,4.0,21,N-VA,Nieuw-Vlaamse Alliantie,New Flemish Alliance,6.5321,64,832,486.0,987.0,501,Nieuw-Vlaamse Alliantie,con,Conservative,5.8809,6.06,6.4243,21913.0,15.0,1056913.0,309.0,407.0,110.0,5003.0,110.0,26
BEL,Belgium,ep,2014-05-25,12.84,3.0,21,PVV|VLD,Partij voor Vrijheid en Vooruitgang | Vlaamse Liberalen en Democraten,Party of Liberty and Progress | Flemish Liberals and Democrats,7.0053,64,832,486.0,987.0,1110,Partij voor Vrijheid en Vooruitgang | Vlaamse Liberalen en Democraten,lib,Liberal,7.7639,3.7139,8.7549,21421.0,16.0,1056421.0,311.0,,106.0,5083.0,107.0,6
BEL,Belgium,ep,2014-05-25,9.88,3.0,21,MR,Mouvement Réformateur,Reformist Movement,6.6889,64,832,486.0,987.0,915,Mouvement Reformateur,lib,Liberal,7.1934,4.2102,8.3003,21422.0,22.0,1056427.0,310.0,,,4983.0,106.0,6
BEL,Belgium,ep,2014-05-25,10.68,3.0,21,PS,Parti Socialiste,Francophone Socialist Party,2.9307,64,832,486.0,987.0,1378,Parti Socialiste,soc,Social democracy,2.5938,3.1712,8.1465,21322.0,24.0,1056322.0,302.0,403.0,102.0,5023.0,102.0,11
BEL,Belgium,ep,2014-05-25,12.57,2.0,21,CVP,Christelijke Volkspartij,Flemish Christian Peoples Party,5.7667,64,832,486.0,987.0,723,Christelijke Volkspartij,chr,Christian democracy,5.5876,7.2083,8.9013,21521.0,12.0,1056521.0,307.0,406.0,109.0,4883.0,109.0,3
BEL,Belgium,ep,2014-05-25,8.3,1.0,21,SP,Socialistische Partij,Socialist Party,3.2459,64,832,486.0,987.0,1029,Socialistische Partij,soc,Social democracy,3.0183,3.0805,7.9023,21321.0,18.0,1056327.0,304.0,404.0,103.0,5043.0,103.0,11
BEL,Belgium,ep,2014-05-25,4.26,1.0,21,VB,Vlaams Blok,Flemish Block,9.6622,64,832,486.0,987.0,993,Vlaams Blok,right,Right-wing,7.695,9.5234,2.756,21914.0,19.0,1056711.0,313.0,,112.0,5063.0,112.0,40
BEL,Belgium,ep,2014-05-25,6.69,1.0,21,AGL-Gr,Agalev – Groen,Agalev -- Green,2.5762,64,832,486.0,987.0,1594,Agalev -- Groen,eco,Green/Ecologist,2.0089,1.0234,7.2593,21112.0,13.0,1056112.0,305.0,401.0,105.0,4963.0,105.0,19
BEL,Belgium,ep,2014-05-25,4.26,1.0,21,Ecolo,Écologistes Confédérés pour l'organisation de luttes originales,Confederated ecologists for the organisation of original struggles,2.641,64,832,486.0,987.0,161,Ecologistes Confederes pour l'organisation de luttes originales,eco,Green/Ecologist,2.3887,1.3744,7.5411,21111.0,23.0,1056111.0,305.0,402.0,104.0,4923.0,104.0,19
BEL,Belgium,ep,2014-05-25,4.14,1.0,21,PSC-CDH,Parti Social Chrétien – Centre Democrate Humaniste,Francophone Christian Social Party -- Humanist Democratic Centre,5.4974,64,832,486.0,987.0,1192,Parti Social Chretien -- Centre Democrate Humaniste,chr,Christian democracy,5.3711,6.6409,8.7795,21522.0,21.0,1056522.0,308.0,405.0,108.0,4903.0,108.0,3
BEL,Belgium,ep,2014-05-25,3.51,0.0,21,PA-PTB,Partij van de Arbeid – Parti du Travail de Belgique,Workers' Party of Belgium,1.2,64,832,486.0,987.0,256,Partij van de Arbeid -- Parti du Travail de Belgique,com,Communist/Socialist,1.4,3.0,3.3,,17.0,1056222.0,,,,,119.0,14
BEL,Belgium,ep,2014-05-25,1.23,0.0,21,FDF,Front Démocratique des Francophones,Francophone Democratic Front,6.1259,64,832,486.0,987.0,969,Front Democratique des Francophones,lib,Liberal,6.25,5.8,8.7274,21912.0,,,306.0,408.0,111.0,,111.0,6
BEL,Belgium,ep,2014-05-25,2.18,0.0,21,Pp,Parti populaire,People's Party,7.4,64,832,486.0,987.0,438,Parti populaire,con,Conservative,6.4,6.9,7.8,,,,,,,,,26
BEL,Belgium,ep,2014-05-25,1.09,0.0,21,DLB,Debout Les Belges!,"Belgians, Rise Up!",8.7,64,832,486.0,987.0,2368,Debout Les Belges!,right,Right-wing,5.9,8.6,2.4,,,,,,,,,40
BGR,Bulgaria,ep,2014-05-25,30.4,6.0,17,GERB,Grazhdani za Evropeysko Razvitie na Balgariya,Citizens for European Development of Bulgaria,7.4,10,830,799.0,1058.0,1541,Grazhdani za Evropeysko Razvitie na Balgariya,con,Conservative,6.4,6.9,7.8,,29.0,1100600.0,,,,,2010.0,26
BGR,Bulgaria,ep,2014-05-25,18.935,4.0,17,KzB|DL,Koalitsiya za Balgariya | Demokratichna Levitsa,Coalition for Bulgaria | Democratic Left,2.8982,10,830,799.0,1058.0,1160,Koalitsiya za Balgariya | Demokratichna Levitsa,soc,Social democracy,2.9629,5.741,8.6402,80221.0,,1100300.0,,702.0,,841.0,2003.0,11
BGR,Bulgaria,ep,2014-05-25,17.27,4.0,17,DPS,Dvizhenie za Prava i Svobodi,Movement for Rights and Freedoms,4.5828,10,830,799.0,1058.0,1286,Dvizhenie za Prava i Svobodi,lib,Liberal,4.413,6.229,9.0094,80951.0,31.0,1100900.0,,,,894.0,2004.0,6
BGR,Bulgaria,ep,2014-05-25,10.656,2.0,17,BBZ,Balgarija bes Zensura,Bulgaria Without Censorship,7.4,10,830,799.0,1058.0,2362,Balgarija bes Zensura,con,Conservative,6.4,6.9,7.8,,,,,,,,,26
BGR,Bulgaria,ep,2014-05-25,6.45,1.0,17,RB,Reformatorski Blok,Reformist Bloc,7.4,10,830,799.0,1058.0,2363,Reformatorski Blok,con,Conservative,6.4,6.9,7.8,,,,,,,,,26
BGR,Bulgaria,ep,2014-05-25,4.02,0.0,17,ABV,Alternativa za balgarsko vazrazhdane,Alternative for Bulgarian Revival,3.3,10,830,799.0,1058.0,2364,Alternativa za balgarsko vazrazhdane,soc,Social democracy,3.5,3.5,8.1,,,,,,,,,11
BGR,Bulgaria,ep,2014-05-25,3.05,0.0,17,NFSB,Natsionalen Front za Spasenie na Balgariya,National Front for the Salvation of Bulgaria,8.7,10,830,799.0,1058.0,2211,Natsionalen Front za Spasenie na Balgariya,right,Right-wing,5.9,8.6,2.4,,,,,,,,,40
BGR,Bulgaria,ep,2014-05-25,2.957,0.0,17,Ataka,Ataka,Attack,5.46,10,830,799.0,1058.0,535,Ataka,right,Right-wing,3.25,9.17,2.4333,,27.0,1100700.0,,,,,2007.0,40
CYP,Cyprus,ep,2014-05-25,37.75,2.0,6,DISY,Dimokratikós Sinayermós,Democratic Rally,8.6842,51,819,701.0,1086.0,1575,Dimokratikos Synagermos,con,Conservative,7.3684,5.0,9.4737,55711.0,51.0,1196711.0,,,,5387.0,,26
CYP,Cyprus,ep,2014-05-25,26.98,2.0,6,AKEL,Anorthotikó Kómma Ergazómenou Laoú,Progressive Party of Working People,1.0526,51,819,701.0,1086.0,572,Anorthotikon Komma Ergazemenou Laou,com,Communist/Socialist,2.6316,6.1842,6.1842,55321.0,49.0,1196321.0,,,,5351.0,,14
CYP,Cyprus,ep,2014-05-25,10.83,1.0,6,DIKO,Dimokratikó Kómma,Democratic Party,5.1316,51,819,701.0,1086.0,851,Dimokratiko Komma,con,Conservative,4.0789,6.0526,8.0263,55422.0,50.0,1196422.0,,,,5369.0,,26
CYP,Cyprus,ep,2014-05-25,7.68,1.0,6,EDEK,Kinima Sosialdimokraton EDEK,Movement for Social Democracy EDEK,3.2895,51,819,701.0,1086.0,945,Kinima Sosialdimokraton EDEK,soc,Social democracy,4.7368,5.9211,8.8158,55323.0,54.0,1196322.0,,,,5405.0,,11
CYP,Cyprus,ep,2014-05-25,6.78,0.0,6,SYM,Symmaxia,Citizen's Alliance,3.3,51,819,701.0,1086.0,2341,Symmaxia,soc,Social democracy,3.5,3.5,8.1,,,,,,,,,11
CYP,Cyprus,ep,2014-05-25,2.69,0.0,6,ELAM,Ethniko Laiko Metopo,National Popular Front,8.7,51,819,701.0,1086.0,1768,Ethniko Laiko Metopo,right,Right-wing,5.9,8.6,2.4,,,,,,,,,40
CYP,Cyprus,ep,2014-05-25,3.83,0.0,6,ME,Minima Elpidas,Message of Hope,6.0,51,819,701.0,1086.0,2342,Minima Elpidas,lib,Liberal,6.7,3.5,8.7,,,,,,,,,6
CYP,Cyprus,ep,2014-05-25,1.05,0.0,6,I-SL,Independent – Sener Levent,Independent -- Sener Levent,,51,819,701.0,1086.0,2343,Independent -- Sener Levent,none,no family,,,,,,,,,,,,12
CZE,Czech Republic,ep,2014-05-24,16.13,4.0,21,ANO,Akce nespokojených občanů,Action of Dissatisfied Citizens,6.0,68,820,805.0,1072.0,2263,Akce nespokojenych obcanu,lib,Liberal,6.7,3.5,8.7,,,,,,,,,6
CZE,Czech Republic,ep,2014-05-24,15.95,4.0,21,TOP09,Tradice Odpovědnost Prosperita 09,Tradition Responsibility Prosperity 09,7.4,68,820,805.0,1072.0,2,Tradice Odpovednost Prosperita 09,con,Conservative,6.4,6.9,7.8,,,,,,,,2109.0,26
CZE,Czech Republic,ep,2014-05-24,14.17,4.0,21,CSSD,Česká strana sociálně demokratická,Czech Social Democratic Party,3.0463,68,820,805.0,1072.0,789,Ceska strana socialne demokraticka,soc,Social democracy,3.0031,4.2463,8.5647,82320.0,55.0,1203320.0,,1002.0,,1328.0,2101.0,11
CZE,Czech Republic,ep,2014-05-24,10.98,3.0,21,KSCM,Komunistická strana Cech a Moravy,Communist Party of Bohemia and Moravia,0.7498,68,820,805.0,1072.0,1173,Komunisticka strana Cech a Moravy,com,Communist/Socialist,1.2243,6.4265,2.4656,82220.0,57.0,1203220.0,,1001.0,,1380.0,2103.0,14
CZE,Czech Republic,ep,2014-05-24,9.95,3.0,21,KDU-CSL,Křesťanská a demokratická unie – Československá strana lidová,Christian Democratic Union -- People's Party,5.8099,68,820,805.0,1072.0,1245,Krest'anska a demokraticka unie -- Ceskoslovenska strana lidova,chr,Christian democracy,6.0784,7.9119,8.4535,82523.0,58.0,1203523.0,,1007.0,,1354.0,2104.0,3
CZE,Czech Republic,ep,2014-05-24,7.67,2.0,21,ODS,Občanská demokratická strana,Civic Democratic Party,7.3637,68,820,805.0,1072.0,829,Obcanska demokraticka strana,con,Conservative,7.8985,4.0087,4.456,82413.0,59.0,1203413.0,,1005.0,,1458.0,2102.0,26
CZE,Czech Republic,ep,2014-05-24,5.24,1.0,21,SSO,Strana svobodných občanů,Party of Free Citizens,7.4,68,820,805.0,1072.0,363,Strana svobodnych obcanu,con,Conservative,6.4,6.9,7.8,,63.0,,,,,,,26
CZE,Czech Republic,ep,2014-05-24,4.78,0.0,21,Pi,Ceska piratska strana,Czech Pirate Party,,68,820,805.0,1072.0,2261,Ceska piratska strana,spec,Special issue,,,,,,,,,,,,16
CZE,Czech Republic,ep,2014-05-24,3.77,0.0,21,SZ,Strana zelených,Green Party,4.123,68,820,805.0,1072.0,196,Strana zelenych,eco,Green/Ecologist,3.8917,1.8596,7.8505,,61.0,1203110.0,,,,1536.0,2107.0,19
CZE,Czech Republic,ep,2014-05-24,3.12,0.0,21,UPD,Úsvit přímé demokracie,Dawn of Direct Democracy,7.4,68,820,805.0,1072.0,2262,Usvit prime demokracie,con,Conservative,6.4,6.9,7.8,,,,,,,,,26
CZE,Czech Republic,ep,2014-05-24,1.63,0.0,21,S-JB,Suverenita – blok Jany Bobošíkové,Sovereignty -- Jana Bobosikova Bloc,8.7,68,820,805.0,1072.0,1613,Suverenita -- blok Jany Bobosikove,right,Right-wing,5.9,8.6,2.4,,,,,,,,,40
DEU,Germany,ep,2014-05-25,30.0,29.0,96,CDU,Christlich Demokratische Union,Christian Democratic Union,6.2503,54,825,800.0,1071.0,808,Christlich Demokratische Union,chr,Christian democracy,6.3498,6.9333,8.5024,41521.0,116.0,1276521.0,805.0,1505.0,301.0,5943.0,301.0,3
DEU,Germany,ep,2014-05-25,27.3,27.0,96,SPD,Sozialdemokratische Partei Deutschlands,Social Democratic Party of Germany,3.6451,54,825,800.0,1071.0,558,Sozialdemokratische Partei Deutschlands,soc,Social democracy,3.8443,3.9791,7.9318,41320.0,120.0,1276320.0,803.0,1503.0,302.0,6087.0,302.0,11
DEU,Germany,ep,2014-05-25,10.7,11.0,96,B90/Gru,Bündnis 90 / Die Grünen,Alliance 90 / Greens,2.9308,54,825,800.0,1071.0,772,Buendnis 90 / Die Gruenen,eco,Green/Ecologist,4.3268,1.3251,7.6101,41113.0,115.0,1276113.0,802.0,1502.0,305.0,6015.0,304.0,19
DEU,Germany,ep,2014-05-25,7.4,7.0,96,Li/PDS,Die Linke / PDS,The Left / PDS,1.2152,54,825,800.0,1071.0,791,Die Linke / PDS,com,Communist/Socialist,1.0617,3.205,4.3508,41221.0,,,,1501.0,307.0,6051.0,306.0,14
DEU,Germany,ep,2014-05-25,7.1,7.0,96,AfD,Alternative für Deutschland,Alternative for Germany,8.7,54,825,800.0,1071.0,2253,Alternative fuer Deutschland,right,Right-wing,5.9,8.6,2.4,,,,,,,,,40
DEU,Germany,ep,2014-05-25,5.3,5.0,96,CSU,Christlich Soziale Union,Christian Social Union,7.2871,54,825,800.0,1071.0,1180,Christlich Soziale Union,chr,Christian democracy,6.5615,7.8675,6.668,41521.0,117.0,1276521.0,806.0,1506.0,309.0,5943.0,308.0,3
DEU,Germany,ep,2014-05-25,3.4,3.0,96,FDP,Freie Demokratische Partei,Free Democratic Party,5.9233,54,825,800.0,1071.0,543,Freie Demokratische Partei,lib,Liberal,8.2173,3.0695,8.4855,41420.0,119.0,1276420.0,804.0,1504.0,303.0,5997.0,303.0,6
DEU,Germany,ep,2014-05-25,,2.0,96,one-seat,one seat,one seat,,54,825,800.0,1071.0,2289,one seat,none,no family,,,,,,,,,,,,12
DEU,Germany,ep,2014-05-25,1.5,1.0,96,FW,Freie Wähler,Free Voters,7.4,54,825,800.0,1071.0,41,Freie Waehler,con,Conservative,6.4,6.9,7.8,,121.0,,,,,,,26
DEU,Germany,ep,2014-05-25,1.2,1.0,96,Tier,Tierschutzpartei,Animal Protection Party,,54,825,800.0,1071.0,301,Tierschutzpartei,spec,Special issue,,,,,,,,,,,,16
DEU,Germany,ep,2014-05-25,0.7,1.0,96,Fam,Familien-Partei Deutschlands,Family Party of Germany,7.4,54,825,800.0,1071.0,1235,Familien-Partei Deutschlands,con,Conservative,6.4,6.9,7.8,,,,,,,,,26
DEU,Germany,ep,2014-05-25,1.4,1.0,96,Pi,Piratenpartei Deutschland,German Pirate Party,,54,825,800.0,1071.0,865,Piratenpartei Deutschland,spec,Special issue,,,,,,,,,,,,16
DEU,Germany,ep,2014-05-25,1.0,1.0,96,NPD,Nationaldemokratische Partei Deutschlands,National Democratic Party,9.8246,54,825,800.0,1071.0,1537,Nationaldemokratische Partei Deutschlands,right,Right-wing,4.2105,9.4219,0.7989,,,,,,,6033.0,,40
DEU,Germany,ep,2014-05-25,0.4,0.0,96,Rep,Die Republikaner,The Republicans,9.2752,54,825,800.0,1071.0,524,Die Republikaner,right,Right-wing,6.1901,9.3871,0.941,,133.0,,,1507.0,306.0,6069.0,305.0,40
DNK,Denmark,ep,2014-05-25,26.6,4.0,13,DF,Dansk Folkeparti,Danish Peoples Party,8.2269,21,821,722.0,1074.0,1418,Dansk Folkeparti,right,Right-wing,5.7081,7.8954,1.183,13720.0,69.0,1208720.0,,,,5495.0,215.0,40
DNK,Denmark,ep,2014-05-25,19.1,3.0,13,Sd,Socialdemokraterne,Social Democrats,3.8011,21,821,722.0,1074.0,1629,Socialdemokraterne,soc,Social democracy,3.5292,4.2722,7.4311,13320.0,64.0,1208320.0,504.0,1103.0,201.0,5603.0,201.0,11
DNK,Denmark,ep,2014-05-25,16.7,2.0,13,V,Venstre,Liberal Party,7.292,21,821,722.0,1074.0,1605,Venstre,lib,Liberal,7.3696,4.9957,9.0268,13420.0,65.0,1208420.0,508.0,1108.0,212.0,5639.0,211.0,6
DNK,Denmark,ep,2014-05-25,9.1,1.0,13,KF,Konservative,Conservatives,7.2186,21,821,722.0,1074.0,590,Konservative,con,Conservative,7.2931,6.5055,7.7791,13620.0,66.0,1208620.0,509.0,1107.0,203.0,5549.0,203.0,26
DNK,Denmark,ep,2014-05-25,8.1,1.0,13,Fobe,Folkebevægelsen mod EU,People's Movement against the EU,1.835,21,821,722.0,1074.0,749,Folkebevaegelsen mod EU,spec,Special issue,1.835,3.875,0.0917,,73.0,1208954.0,,,,,217.0,16
DNK,Denmark,ep,2014-05-25,6.5,1.0,13,RV,Det Radikale Venstre,Danish Social Liberal Party,4.8736,21,821,722.0,1074.0,211,Det Radikale Venstre,lib,Liberal,5.318,2.3903,7.8594,13410.0,68.0,1208410.0,505.0,1104.0,202.0,5585.0,202.0,6
DNK,Denmark,ep,2014-05-25,11.0,1.0,13,SF,Socialistisk Folkeparti,Socialist Peoples Party,2.1347,21,821,722.0,1074.0,1644,Socialistisk Folkeparti,eco,Green/Ecologist,2.1035,2.1476,3.5917,13230.0,70.0,1208230.0,503.0,1102.0,206.0,5621.0,206.0,19
DNK,Denmark,ep,2014-05-25,2.9,0.0,13,NLA,Ny-Liberal Alliance,New-Liberal Alliance,6.0,21,821,722.0,1074.0,376,Ny-Liberal Alliance,lib,Liberal,6.7,3.5,8.7,,72.0,1208421.0,,,,,218.0,6
ESP,Spain,ep,2014-05-25,26.09,16.0,54,AP-P,Alianza-Partido Popular,People's Alliance-Party,7.5969,27,839,777.0,988.0,645,Alianza-Partido Popular,con,Conservative,7.619,7.8127,7.7368,33610.0,274.0,1724610.0,1412.0,3608.0,502.0,7800.0,502.0,26
ESP,Spain,ep,2014-05-25,23.01,14.0,54,PSOE,Partido Socialista Obrero Español,Spanish Socialist Workers Party,3.7377,27,839,777.0,988.0,902,Partido Socialista Obrero Espanol,soc,Social democracy,4.0098,3.0399,9.129,33320.0,275.0,1724320.0,1405.0,3603.0,501.0,7820.0,501.0,11
ESP,Spain,ep,2014-05-25,10.03,6.0,54,IU|PCE,Izquierda Unida | Partido Communista,United Left | Communist Party,2.0183,27,839,777.0,988.0,118,Izquierda Unida | Partido Communista,com,Communist/Socialist,1.8937,1.7351,5.2186,33220.0,273.0,1724220.0,1404.0,3602.0,504.0,7760.0,504.0,14
ESP,Spain,ep,2014-05-25,7.98,5.0,54,P,Podemos,We Can,1.2,27,839,777.0,988.0,2376,Podemos,com,Communist/Socialist,1.4,3.0,3.3,,,,,,,,,14
ESP,Spain,ep,2014-05-25,6.51,4.0,54,UPyD,Unión Progreso y Democracia,"Union, Progress and Democracy",6.0,27,839,777.0,988.0,551,Union Progreso y Democracia,lib,Liberal,6.7,3.5,8.7,,276.0,1724010.0,,,,,523.0,6
ESP,Spain,ep,2014-05-25,5.42,3.0,54,CEP,Coalición por la Europa de los Pueblos,For the Europe of the Peoples,,27,839,777.0,988.0,771,Coalicion por la Europa de los Pueblos,spec,Special issue,,,,,,,,,,,521.0,16
ESP,Spain,ep,2014-05-25,4.01,2.0,54,ERC,Esquerra Republicana de Catalunya,Republican Left of Catalonia,3.1072,27,839,777.0,988.0,757,Esquerra Republicana de Catalunya,spec,Special issue,2.9073,2.7325,7.0389,33905.0,270.0,1724905.0,1406.0,,511.0,,511.0,16
ESP,Spain,ep,2014-05-25,3.16,2.0,54,C-PC,Ciudadanos – Partido de la Ciudadanía,Citizens -- Party of the Citizenry,3.3,27,839,777.0,988.0,2375,Ciudadanos -- Partido de la Ciudadania,soc,Social democracy,3.5,3.5,8.1,,,,,,,,,11
ESP,Spain,ep,2014-05-25,1.92,1.0,54,CA,Chunta Aragonesista,Aragonese Council,2.75,27,839,777.0,988.0,1367,Chunta Aragonesista,spec,Special issue,2.38,1.88,6.6667,,,,,,,,520.0,16
ESP,Spain,ep,2014-05-25,2.08,1.0,54,BNG,Bloque Nacionalista Galego,Galician Nationalist Block,2.9117,27,839,777.0,988.0,520,Bloque Nacionalista Galego,spec,Special issue,2.81,2.9378,6.6096,33908.0,356.0,1724908.0,,,514.0,,513.0,16
ESP,Spain,ep,2014-05-25,1.57,0.0,54,Vox,Vox,Voice,6.0,27,839,777.0,988.0,2380,Vox,lib,Liberal,6.7,3.5,8.7,,,,,,,,,6
ESP,Spain,ep,2014-05-25,1.13,0.0,54,PACMA,Partido Animalista Contra el Maltrato Animal,Animalist Party Against Mistreatment to Animals,,27,839,777.0,988.0,2381,Partido Animalista Contra el Maltrato Animal,spec,Special issue,,,,,,,,,,,,16
EST,Estonia,ep,2014-05-25,24.3,2.0,6,ERe,Eesti Reformierakond,Estonian Reform Party,7.8969,75,822,699.0,1095.0,113,Eesti Reformierakond,lib,Liberal,8.6246,5.2737,8.5715,83430.0,82.0,1233430.0,,1208.0,,1794.0,2203.0,6
EST,Estonia,ep,2014-05-25,22.4,1.0,6,EK,Eesti Keskerakond,Estonian Centre Party,3.9562,75,822,699.0,1095.0,1137,Eesti Keskerakond,soc,Social democracy,3.6421,4.9947,5.0118,83411.0,75.0,1233411.0,,1204.0,,1716.0,2202.0,11
EST,Estonia,ep,2014-05-25,13.9,1.0,6,IRL,Erakond Isamaa ja Res Publica Liit,Union of Pro Patria and Res Publica,8.4962,75,822,699.0,1095.0,1597,Erakond Isamaa ja Res Publica Liit,con,Conservative,8.2456,6.1053,9.2632,83611.0,80.0,1233613.0,,,,1820.0,,26
EST,Estonia,ep,2014-05-25,13.6,1.0,6,SDE|M,Sotsiaaldemokraatlik Erakond | Mõõdukad,Social Democratic Party | Moderates,4.1915,75,822,699.0,1095.0,1448,Sotsiaaldemokraatlik Erakond | Moodukad,soc,Social democracy,3.4667,3.1737,7.7982,83410.0,83.0,1233410.0,,1205.0,,1742.0,2204.0,11
EST,Estonia,ep,2014-05-25,13.2,1.0,6,I-IT,Independent – Indrek Tarand,Independent -- Indrek Tarand,,75,822,699.0,1095.0,2029,Independent -- Indrek Tarand,none,no family,,,,,,,,,,,,12
EST,Estonia,ep,2014-05-25,4.0,0.0,6,ERa,Eestimaa Rahvalliit,People's Union of Estonia,4.5812,75,822,699.0,1095.0,417,Eestimaa Rahvalliit,con,Conservative,4.8509,6.9474,6.0627,83612.0,78.0,1233612.0,,,,1768.0,2206.0,26
EST,Estonia,ep,2014-05-25,1.3,0.0,6,TEE,Tuleviku Eesti | Iseseisvuspartei,Future Estonia | Independence,8.7,75,822,699.0,1095.0,1794,Tuleviku Eesti | Iseseisvuspartei,right,Right-wing,5.9,8.6,2.4,,,,,,,,,40
EST,Estonia,ep,2014-05-25,3.1,0.0,6,I-TT,Independent – Tanel Talve,Independent -- Tanel Talve,,75,822,699.0,1095.0,2344,Independent -- Tanel Talve,none,no family,,,,,,,,,,,,12
EST,Estonia,ep,2014-05-25,1.8,0.0,6,I-SM,Independent – Silver Meikar,Independent -- Silver Meikar,,75,822,699.0,1095.0,2345,Independent -- Silver Meikar,none,no family,,,,,,,,,,,,12
FIN,Finland,ep,2014-05-25,22.6,3.0,13,KOK,Kansallinen Kokoomus – Samlingspartiet,National Coalition Party,7.2451,67,823,700.0,1094.0,1118,Kansallinen Kokoomus -- Samlingspartiet,con,Conservative,7.6408,5.5872,9.0846,14620.0,86.0,1246620.0,608.0,1308.0,1402.0,5697.0,1402.0,26
FIN,Finland,ep,2014-05-25,19.7,3.0,13,KESK,Keskusta,Centre Party,5.8027,67,823,700.0,1094.0,94,Keskusta,agr,Agrarian,4.9349,7.2203,5.5267,14810.0,90.0,1246810.0,603.0,1306.0,1403.0,5677.0,1403.0,2
FIN,Finland,ep,2014-05-25,12.9,2.0,13,SP-P,Suomen Puolue – Perussuomalaiset,Finnish Party -- True Finns,6.6331,67,823,700.0,1094.0,200,Suomen Puolue -- Perussuomalaiset,agr,Agrarian,4.8745,7.999,1.0945,14820.0,89.0,1246820.0,605.0,1307.0,1405.0,5717.0,1405.0,2
FIN,Finland,ep,2014-05-25,12.3,2.0,13,SSDP,Suomen Sosialidemokraattinen Puolue – Finlands Socialdemokratiska Parti,Social Democratic Party of Finland,3.5595,67,823,700.0,1094.0,395,Suomen Sosialidemokraattinen Puolue -- Finlands Socialdemokratiska Parti,soc,Social democracy,3.5454,4.2417,8.621,14320.0,94.0,1246320.0,602.0,1303.0,1401.0,5737.0,1401.0,11
FIN,Finland,ep,2014-05-25,9.3,1.0,13,VIHR,Vihreä Liitto – Gröna Förbundet,Green League,3.6465,67,823,700.0,1094.0,1062,Vihrea Liitto -- Grona Forbundet,eco,Green/Ecologist,3.4279,2.2671,6.9709,14110.0,98.0,1246110.0,,1302.0,1408.0,5797.0,1408.0,19
FIN,Finland,ep,2014-05-25,9.3,1.0,13,DL|VAS,Demokraattinen Liitto – Demokratiska Förbundet | Vasemmistoliitto – Vänsterförbundet ,Democratic Union | Left Alliance,2.1843,67,823,700.0,1094.0,1292,Demokraattinen Liitto -- Demokratiska Forbundet | Vasemmistoliitto -- Vansterforbundet ,com,Communist/Socialist,1.8661,3.3406,5.165,14221.0,97.0,1246223.0,601.0,1301.0,1404.0,5777.0,1404.0,14
FIN,Finland,ep,2014-05-25,6.8,1.0,13,RKP-SFP,Ruotsalainen Kansanpuolue – Svenska Folkepartiet i Finland,Swedish People's Party,6.3906,67,823,700.0,1094.0,585,Ruotsalainen Kansanpuolue -- Svenska Folkepartiet i Finland,lib,Liberal,6.7295,3.8385,8.5284,14901.0,96.0,1246901.0,606.0,1305.0,1406.0,5757.0,1406.0,6
FIN,Finland,ep,2014-05-25,5.2,0.0,13,KD,Kristillisdemokraatit – Kristdemokraterna,Christian Democrats,7.1884,67,823,700.0,1094.0,1463,Kristillisdemokraatit -- Kristdemokraterna,chr,Christian democracy,4.9438,8.3076,3.2103,14520.0,92.0,1246520.0,607.0,1309.0,1409.0,5657.0,1409.0,3
FRA,France,ep,2014-05-24,24.86,24.0,74,FN,Front national,National Front,9.6854,43,824,782.0,1103.0,270,Front national,right,Right-wing,7.4011,9.2889,0.2157,31720.0,113.0,1250720.0,708.0,1412.0,610.0,5817.0,610.0,40
FRA,France,ep,2014-05-24,20.81,20.0,74,UMP,Union pour un mouvement populaire,Union for a Popular Movement,7.4997,43,824,782.0,1103.0,658,Union pour un mouvement populaire,con,Conservative,6.5934,7.1854,6.9862,31626.0,110.0,1250626.0,706.0,1411.0,609.0,5887.0,609.0,26
FRA,France,ep,2014-05-24,13.98,12.0,74,PS,Parti socialiste,Socialist Party,3.2493,43,824,782.0,1103.0,1539,Parti socialiste,soc,Social democracy,3.248,2.9367,7.9448,31320.0,104.0,1250320.0,702.0,1404.0,602.0,5859.0,602.0,11
FRA,France,ep,2014-05-24,8.95,6.0,74,V,Les Verts,Greens,3.155,43,824,782.0,1103.0,873,Les Verts,eco,Green/Ecologist,2.8774,1.4772,6.4585,31110.0,103.0,1250110.0,703.0,1406.0,605.0,5929.0,605.0,19
FRA,France,ep,2014-05-24,9.94,4.0,74,MoDem,Mouvement démocrate,Democratic Movement,6.0,43,824,782.0,1103.0,937,Mouvement democrate,lib,Liberal,6.7,3.5,8.7,,107.0,1250336.0,,,,,,6
FRA,France,ep,2014-05-24,6.33,3.0,74,PCF,Parti communiste française,French Communist Party,1.3741,43,824,782.0,1103.0,686,Parti communiste francais,com,Communist/Socialist,1.056,4.5083,2.3595,31220.0,102.0,1250220.0,701.0,1403.0,601.0,5845.0,601.0,14
FRA,France,ep,2014-05-24,,1.0,74,PRG,Parti radical de gauche,Radical Party of the Left,4.0813,43,824,782.0,1103.0,1492,Parti radical de gauche,soc,Social democracy,4.1676,4.2381,7.9361,,106.0,1250337.0,,1407.0,603.0,,603.0,11
FRA,France,ep,2014-05-24,,1.0,74,PR,Parti radical ,Radical Party,3.9896,43,824,782.0,1103.0,401,Parti radical ,con,Conservative,4.1676,4.2381,7.9361,31421.0,,,704.0,,603.0,,603.0,26
FRA,France,ep,2014-05-24,,1.0,74,AC,Alliance centriste,Centrist Alliance,6.0,43,824,782.0,1103.0,2078,Alliance centriste,lib,Liberal,6.7,3.5,8.7,,,,,,,,,6
FRA,France,ep,2014-05-24,,1.0,74,NC,Nouveau centre,New Centre,6.0,43,824,782.0,1103.0,1058,Nouveau centre,lib,Liberal,6.7,3.5,8.7,,,,,,,,,6
FRA,France,ep,2014-05-24,0.27,1.0,74,AO,Alliances des outre-mers,Alliance of the Overseas,1.2,43,824,782.0,1103.0,2400,Alliances des outre-mers,com,Communist/Socialist,1.4,3.0,3.3,,,,,,,,,14
FRA,France,ep,2014-05-24,3.82,0.0,74,DLR,Debout la république,Arise the Republic,7.4,43,824,782.0,1103.0,2399,Debout la republique,con,Conservative,6.4,6.9,7.8,,,,,,,,,26
FRA,France,ep,2014-05-24,1.12,0.0,74,eco,divers ecologistes,other ecologists,2.5,43,824,782.0,1103.0,2249,divers ecologistes,eco,Green/Ecologist,2.5,1.8,6.5,,,,,,,,,19
FRA,France,ep,2014-05-24,1.17,0.0,74,LO,Lutte ouvrière,Workers' Struggle,0.0,43,824,782.0,1103.0,1176,Lutte ouvriere,com,Communist/Socialist,1.4,3.0,3.3,,101.0,,,1402.0,,,,14
FRA,France,ep,2014-05-24,1.41,0.0,74,droite,divers droite,other right,7.6583,43,824,782.0,1103.0,285,divers droite,con,Conservative,9.0,9.0,5.8333,,,,,,,,618.0,26
FRA,France,ep,2014-05-24,2.9,0.0,74,gauche,divers gauche,other left,3.3,43,824,782.0,1103.0,177,divers gauche,soc,Social democracy,3.5,3.5,8.1,,,,,,,,,11
GBR,United Kingdom,ep,2014-05-22,27.49,24.0,73,UKIP,United Kingdom Independence Party,United Kingdom Independence Party,7.8429,44,845,582.0,874.0,1272,United Kingdom Independence Party,right,Right-wing,8.0938,7.8507,0.0,51951.0,423.0,1826951.0,,,1108.0,,1108.0,40
GBR,United Kingdom,ep,2014-05-22,25.4,20.0,73,Lab,Labour Party,Labour,4.3562,44,845,582.0,874.0,1556,Labour Party,soc,Social democracy,4.5741,4.2779,6.9923,51320.0,421.0,1826320.0,1601.0,601.0,1102.0,5147.0,1102.0,11
GBR,United Kingdom,ep,2014-05-22,23.93,19.0,73,Con,Conservatives,Conservatives,7.4261,44,845,582.0,874.0,773,Conservatives,con,Conservative,7.5725,7.1901,2.3243,51620.0,418.0,1826620.0,1606.0,603.0,1101.0,5103.0,1101.0,26
GBR,United Kingdom,ep,2014-05-22,7.87,3.0,73,GP,Green Party,Green Party,2.57,44,845,582.0,874.0,467,Green Party,eco,Green/Ecologist,2.3775,2.0139,4.9858,,420.0,1826110.0,,,1107.0,,1107.0,19
GBR,United Kingdom,ep,2014-05-22,2.46,2.0,73,SNP,Scottish National Party – Pàrtaidh Nàiseanta na h-Alba,Scottish National Party,3.5871,44,845,582.0,874.0,1284,Scottish National Party -- Partaidh Naiseanta na h-Alba,soc,Social democracy,3.0627,3.9623,7.8641,51902.0,,1826902.0,1603.0,,1105.0,5191.0,1105.0,11
GBR,United Kingdom,ep,2014-05-22,6.87,1.0,73,Lib,Liberals,Liberals,4.2875,44,845,582.0,874.0,659,Liberals,lib,Liberal,4.1064,2.6109,9.2231,51420.0,,,1605.0,,1104.0,,1104.0,6
GBR,United Kingdom,ep,2014-05-22,0.97,1.0,73,SF,Sinn Féin,Sinn Fein,1.2,44,845,582.0,874.0,689,Sinn Fein,com,Communist/Socialist,1.4,3.0,3.3,51210.0,,,,,,,,14
GBR,United Kingdom,ep,2014-05-22,0.8,1.0,73,DUP,Democratic Unionist Party,Democratic Unionist Party,7.4,44,845,582.0,874.0,319,Democratic Unionist Party,con,Conservative,6.4,6.9,7.8,51903.0,,,,,,,,26
GBR,United Kingdom,ep,2014-05-22,0.68,1.0,73,Plaid,Plaid Cymru,Plaid Cymru,3.1183,44,845,582.0,874.0,311,Plaid Cymru,spec,Special issue,2.6251,3.7107,7.8314,,,1826901.0,1602.0,,1106.0,5169.0,1106.0,16
GBR,United Kingdom,ep,2014-05-22,0.51,1.0,73,UUP,Ulster Unionist Party,Ulster Unionist Party,8.3,44,845,582.0,874.0,1210,Ulster Unionist Party,con,Conservative,6.4,6.9,7.8,51621.0,,,1607.0,,,,,26
GBR,United Kingdom,ep,2014-05-22,1.49,0.0,73,IE,An Independence from Europe,An Independence from Europe,8.7,44,845,582.0,874.0,2387,An Independence from Europe,right,Right-wing,5.9,8.6,2.4,,,,,,,,,40
GBR,United Kingdom,ep,2014-05-22,1.14,0.0,73,BNP,British National Party,British National Party,8.7,44,845,582.0,874.0,1250,British National Party,right,Right-wing,5.9,8.6,2.4,,417.0,1826720.0,,,,,1109.0,40
GRC,Greece,ep,2014-05-25,26.57,6.0,21,SYRIZA,Synaspismós Rizospastikís Aristerás,Coalition of the Radical Left,2.8947,41,826,784.0,1060.0,1592,Synaspismos Rizospastikis Aristeras,com,Communist/Socialist,2.9123,2.0066,7.1382,,156.0,1300215.0,,,,6183.0,,14
GRC,Greece,ep,2014-05-25,22.72,5.0,21,ND,Néa Đimokratía,New Democracy,6.7365,41,826,784.0,1060.0,47,Nea Dimokratia,chr,Christian democracy,6.9754,6.6712,8.9869,34511.0,153.0,1300511.0,,,402.0,6143.0,402.0,3
GRC,Greece,ep,2014-05-25,9.39,3.0,21,LS-CA,Laikos Syndesmos – Chrysi Avg,Peoples Association -- Golden Dawn,8.7,41,826,784.0,1060.0,2092,Laikos Syndesmos -- Chrysi Avg,right,Right-wing,5.9,8.6,2.4,,,,,,,,,40
GRC,Greece,ep,2014-05-25,8.02,2.0,21,PASOK,Panellinio Sosialistikó Kínima,Panhellenic Socialist Movement,4.4968,41,826,784.0,1060.0,1338,Panhellinio Socialistiko Kinema,soc,Social democracy,4.8797,3.6025,9.2535,34313.0,155.0,1300313.0,,,401.0,6163.0,401.0,11
GRC,Greece,ep,2014-05-25,6.6,2.0,21,TP,To Potami,The River,3.3,41,826,784.0,1060.0,2346,To Potami,soc,Social democracy,3.5,3.5,8.1,,,,,,,,,11
GRC,Greece,ep,2014-05-25,6.11,2.0,21,KKE,Kommounistikó Kómma Elládas,Communist Party of Greece,1.253,41,826,784.0,1060.0,614,Kommunistiko Koma Ellados,com,Communist/Socialist,0.8404,5.1503,0.2722,34210.0,151.0,1300210.0,,,404.0,6123.0,404.0,14
GRC,Greece,ep,2014-05-25,3.46,1.0,21,AE,Anexartitoi Ellines,Independent Greeks,8.7,41,826,784.0,1060.0,2091,Anexartitoi Ellines,right,Right-wing,5.9,8.6,2.4,,,,,,,,,40
GRC,Greece,ep,2014-05-25,2.69,0.0,21,LAOS,Laïkós Orthódoxos Synagermós,Popular Orthodox Rally,9.11,41,826,784.0,1060.0,1179,Laikos Orthodoxos Synagermos,right,Right-wing,5.33,9.63,2.3,,152.0,1300703.0,,,,,410.0,40
GRC,Greece,ep,2014-05-25,1.2,0.0,21,DIMAR,Dimokratiki Aristera,Democratic Left,3.3,41,826,784.0,1060.0,2093,Dimokratiki Aristera,soc,Social democracy,3.5,3.5,8.1,,,,,,,,,11
GRC,Greece,ep,2014-05-25,1.0,0.0,21,KEK,Kómma Ellênòn Kynègôn,Party of Greek Hunters,7.4,41,826,784.0,1060.0,2167,Komma Ellenon Kynegon,con,Conservative,6.4,6.9,7.8,,,,,,,,,26
GRC,Greece,ep,2014-05-25,1.44,0.0,21,EEP,Ellines Eyropaioi Polites,Greek European Citizens,6.0,41,826,784.0,1060.0,2347,Ellines Eyropaioi Polites,lib,Liberal,6.7,3.5,8.7,,,,,,,,,6
GRC,Greece,ep,2014-05-25,1.04,0.0,21,EPL,Enosi Gia Tin Patrida Kai Ton Lao,Union for the Homeland and the People,7.4,41,826,784.0,1060.0,2348,Enosi Gia Tin Patrida Kai Ton Lao,con,Conservative,6.4,6.9,7.8,,,,,,,,,26
HRV,Croatia,ep,2014-05-25,41.42,6.0,11,HDZ,Hrvatska demokratska zajednica,Croatian Democratic Union,7.1053,62,841,792.0,1056.0,276,Hrvatska demokratska zajednica,chr,Christian democracy,5.7018,6.9298,7.1053,81711.0,,,,,,1094.0,3101.0,3
HRV,Croatia,ep,2014-05-25,29.93,4.0,11,SPH,Socijaldemokratska partija Hrvatske,Social Democratic Party of Croatia,3.2456,62,841,792.0,1056.0,1493,Socijaldemokratska partija Hrvatske,soc,Social democracy,5.5263,2.3684,8.7719,81223.0,,,,,,1302.0,3102.0,11
HRV,Croatia,ep,2014-05-25,9.42,1.0,11,ORaH,Održivi razvoj Hrvatske,Sustainable Development of Croatia,2.5,62,841,792.0,1056.0,2382,Odrzivi razvoj Hrvatske,eco,Green/Ecologist,2.5,1.8,6.5,,,,,,,,,19
HRV,Croatia,ep,2014-05-25,6.88,0.0,11,HDSSB,Hrvatski demokratski savez Slavonije i Baranje,Croatian Democratic Alliance of Slavonia and Baranja,8.7,62,841,792.0,1056.0,2135,Hrvatski demokratski savez Slavonije i Baranje,right,Right-wing,5.9,8.6,2.4,,,,,,,,3107.0,40
HRV,Croatia,ep,2014-05-25,3.4,0.0,11,CL-LP,Hrvatski laburisti – Stranka rada,Croatian Labourists -- Labour Party,1.2,62,841,792.0,1056.0,2182,Hrvatski laburisti -- Stranka rada,com,Communist/Socialist,1.4,3.0,3.3,,,,,,,,,14
HRV,Croatia,ep,2014-05-25,2.4,0.0,11,HSLS,Hrvatska socijalno liberalna stranka,Croatian Social Liberal Party,7.193,62,841,792.0,1056.0,1102,Hrvatska socijalno liberalna stranka,lib,Liberal,4.6491,5.5263,5.0877,81410.0,,,,,,1146.0,3104.0,6
HUN,Hungary,ep,2014-05-25,,11.0,21,Fi-MPSz,Fidesz – Magyar Polgári Szövetség,Fidesz -- Hungarian Civic Union,6.5432,39,827,814.0,1104.0,921,Fidesz -- Magyar Polgari Szovetseg,con,Conservative,3.9949,7.5275,6.6143,86421.0,157.0,1348421.0,,1603.0,,1872.0,2302.0,26
HUN,Hungary,ep,2014-05-25,14.67,3.0,21,Jobbik,Jobbik Magyarországért Mozgalom,Jobbik Movement for a Better Hungary,8.7,39,827,814.0,1104.0,600,Jobbik Magyarorszagert Mozgalom,right,Right-wing,5.9,8.6,2.4,,158.0,1348700.0,,,,,2308.0,40
HUN,Hungary,ep,2014-05-25,10.9,2.0,21,MSZP,Magyar Szocialista Párt,Hungarian Socialist Party,2.8743,39,827,814.0,1104.0,1591,Magyar Szocialista Part,soc,Social democracy,5.5702,3.5897,9.6567,86220.0,162.0,1348220.0,,1601.0,,1976.0,2301.0,11
HUN,Hungary,ep,2014-05-25,9.75,2.0,21,DK,Demokratikus Koalíció,Democratic Coalition,3.3,39,827,814.0,1104.0,1970,Demokratikus Koalicio,soc,Social democracy,3.5,3.5,8.1,,,,,,,,,11
HUN,Hungary,ep,2014-05-25,5.04,1.0,21,LMP,Lehet Más a Politika,Politics Can Be Different,2.5,39,827,814.0,1104.0,403,Lehet Mas a Politika,eco,Green/Ecologist,2.5,1.8,6.5,,166.0,,,,,,2309.0,19
HUN,Hungary,ep,2014-05-25,,1.0,21,KDNP,Kereszténydemokrata Néppárt,Christian Democratic People's Party,7.4,39,827,814.0,1104.0,434,Keresztenydemokrata Neppart,chr,Christian democracy,2.17,8.33,5.8333,86522.0,,1348526.0,,1604.0,,,2307.0,3
HUN,Hungary,ep,2014-05-25,7.25,1.0,21,PM,Párbeszéd Magyarországért,Dialogue for Hungary,2.5,39,827,814.0,1104.0,2349,Parbeszed Magyarorszagert,eco,Green/Ecologist,2.5,1.8,6.5,,,,,,,,,19
HUN,Hungary,ep,2014-05-25,0.52,0.0,21,no-seat,no seat,no seat,,39,827,814.0,1104.0,2350,no seat,none,no family,,,,,,,,,,,,12
HUN,Hungary,ep,2014-05-25,51.48,,21,Fi+KDNP,Fidesz – Magyar Polgári Szövetség / Kereszténydemokrata Néppárt,Fidesz -- Hungarian Civic Party / Christian Democratic People's Party,6.5432,39,827,814.0,1104.0,437,Fidesz -- Magyar Polgari Szovetseg / Keresztenydemokrata Neppart,con,Conservative,3.9949,7.5275,6.6143,86421.0,157.0,1348421.0,,1603.0,,1872.0,2302.0,26
IRL,Ireland,ep,2014-05-23,22.28,4.0,11,FG,Fine Gael,Fine Gael (Familiy of the Irish),6.4372,37,833,698.0,904.0,1393,Fine Gael,chr,Christian democracy,6.1603,5.787,9.1708,53520.0,168.0,1372520.0,904.0,1904.0,702.0,6307.0,702.0,3
IRL,Ireland,ep,2014-05-23,19.52,3.0,11,SF,Sinn Féin,Sinn Fein,2.7935,37,833,698.0,904.0,2217,Sinn Fein,com,Communist/Socialist,2.0316,4.5005,3.3,53951.0,172.0,1372951.0,,,,6387.0,,14
IRL,Ireland,ep,2014-05-23,22.31,1.0,11,FF,Fianna Fáil,Fianna Fail (Soldiers of Destiny),6.0713,37,833,698.0,904.0,280,Fianna Fail,con,Conservative,5.8991,6.9898,7.8389,53620.0,167.0,1372620.0,903.0,1903.0,701.0,6287.0,701.0,26
IRL,Ireland,ep,2014-05-23,4.16,1.0,11,I-MH,Independent – Marian Harkin,Independent -- Marian Harkin,,37,833,698.0,904.0,2329,Independent -- Marian Harkin,none,no family,,,,,,,,,,,,12
IRL,Ireland,ep,2014-05-23,7.49,1.0,11,I-LF,Independent – Luke Flanagan,Independent -- Luke Flanagan,,37,833,698.0,904.0,2369,Independent -- Luke Flanagan,none,no family,,,,,,,,,,,,12
IRL,Ireland,ep,2014-05-23,2.17,1.0,11,I-NC,Independent – Nessa Childers,Independent -- Nessa Childers,3.3,37,833,698.0,904.0,2370,Independent -- Nessa Childers,soc,Social democracy,3.5,3.5,8.1,,,,,,,,,11
IRL,Ireland,ep,2014-05-23,5.33,0.0,11,Lab,Labour Party,Labour Party,3.6252,37,833,698.0,904.0,318,Labour Party,soc,Social democracy,3.353,3.1071,7.1292,53320.0,170.0,1372320.0,902.0,1902.0,703.0,6347.0,703.0,11
IRL,Ireland,ep,2014-05-23,4.92,0.0,11,Green,Green Party  – Comhaontas Glas,Green Party,2.435,37,833,698.0,904.0,1573,Green Party -- Comhaontas Glas,eco,Green/Ecologist,2.462,2.1754,3.0472,53110.0,169.0,1372110.0,,,705.0,6327.0,705.0,19
IRL,Ireland,ep,2014-05-23,1.81,0.0,11,SP,Socialist Party,Socialist Party,1.2,37,833,698.0,904.0,1014,Socialist Party,com,Communist/Socialist,1.4,3.0,3.3,,173.0,,,,,,708.0,14
IRL,Ireland,ep,2014-05-23,1.44,0.0,11,PBPA,People Before Profit Alliance,People Before Profit Alliance,1.2,37,833,698.0,904.0,1804,People Before Profit Alliance,com,Communist/Socialist,1.4,3.0,3.3,,,,,,,,,14
IRL,Ireland,ep,2014-05-23,1.45,0.0,11,DDI,Direct Democracy Ireland,Direct Democracy Ireland,8.7,37,833,698.0,904.0,2371,Direct Democracy Ireland,right,Right-wing,5.9,8.6,2.4,,,,,,,,,40
ITA,Italy,ep,2014-05-25,40.81,31.0,73,PD,Partito Democratico,Democratic Party,2.6216,26,834,789.0,1079.0,382,Partito Democratico,soc,Social democracy,2.9825,2.0943,7.834,,180.0,1380331.0,,,,6626.0,837.0,11
ITA,Italy,ep,2014-05-25,21.15,17.0,73,M5S,Movimento 5 Stelle,Five Star Movement,2.5,26,834,789.0,1079.0,2155,Movimento 5 Stelle,eco,Green/Ecologist,2.5,1.8,6.5,,,,,,,,,19
ITA,Italy,ep,2014-05-25,16.81,13.0,73,FI-PdL,Forza Italia – Il Popolo della Libertà,Go Italy -- The People of Freedom,7.1459,26,834,789.0,1079.0,596,Forza Italia -- Il Popolo della Liberta,con,Conservative,7.913,6.5983,5.0946,32610.0,186.0,1380630.0,,,816.0,6646.0,815.0,26
ITA,Italy,ep,2014-05-25,6.15,5.0,73,LN,Lega Nord,North League,7.8007,26,834,789.0,1079.0,1436,Lega Nord,right,Right-wing,7.9138,7.9003,3.2088,32720.0,178.0,1380720.0,,2109.0,812.0,6706.0,811.0,40
ITA,Italy,ep,2014-05-25,4.38,3.0,73,NCD,Nuovo Centrodestra,New Centre-Right,7.4,26,834,789.0,1079.0,2268,Nuovo Centrodestra,con,Conservative,6.4,6.9,7.8,,,,,,,,,26
ITA,Italy,ep,2014-05-25,4.03,3.0,73,PRC,Partito della Rifondazione Comunista,Communist Refoundation Party,0.8849,26,834,789.0,1079.0,1321,Partito della Rifondazione Comunista,com,Communist/Socialist,0.6622,1.9878,3.5439,32212.0,181.0,1380212.0,,2101.0,803.0,6806.0,803.0,14
ITA,Italy,ep,2014-05-25,0.5,1.0,73,SVP,Südtiroler Volkspartei,South Tyrol Peoples Party,5.4,26,834,789.0,1079.0,1030,Suedtiroler Volkspartei,spec,Special issue,5.085,6.9,7.6083,,,,,,,,827.0,16
ITA,Italy,ep,2014-05-25,3.66,0.0,73,FdI-CN,Fratelli d'Italia – Centrodestra Nazionale,Brothers of Italy -- National Centre-right,7.4,26,834,789.0,1079.0,2154,Fratelli dItalia -- Centrodestra Nazionale,con,Conservative,6.4,6.9,7.8,,,,,,,,,26
LTU,Lithuania,ep,2014-05-25,17.43,2.0,11,TS-LK,Tėvynės Sąjunga,Homeland Union,7.4004,15,842,786.0,1042.0,1045,Tevynes Sajunga,con,Conservative,6.694,7.1939,9.7006,88620.0,209.0,1440620.0,,2406.0,,2404.0,2506.0,26
LTU,Lithuania,ep,2014-05-25,17.26,2.0,11,LSDP,Lietuvos socialdemokratų partija,Lithuanian Social Democratic Party,3.1972,15,842,786.0,1042.0,1277,Lietuvos socialdemokratu partija,soc,Social democracy,3.8262,5.2732,9.0702,88320.0,203.0,1440320.0,,,,2320.0,2501.0,11
LTU,Lithuania,ep,2014-05-25,16.55,2.0,11,LRLS,Lietuvos Respublikos Liberalų sąjūdis,Liberals Movement of the Republic of Lithuania,7.7562,15,842,786.0,1042.0,482,Lietuvos Respublikos Liberaly sajudis,lib,Liberal,8.2271,2.8532,9.2244,,202.0,1440421.0,,,,2348.0,2518.0,6
LTU,Lithuania,ep,2014-05-25,14.25,2.0,11,TT-LDP,Tvarka ir teisingumas – Liberalų Demokratų Partija,Order and Justice -- Liberal Democratic Party,5.2955,15,842,786.0,1042.0,1421,Tvarka ir teisingumas -- Liberalu Demokratu Partija,con,Conservative,4.9093,7.2116,7.3184,,207.0,1440621.0,,,,2236.0,2515.0,26
LTU,Lithuania,ep,2014-05-25,12.81,1.0,11,DP,Darbo Partija,Labour Party,3.86,15,842,786.0,1042.0,581,Darbo Partija,lib,Liberal,4.29,5.8,8.5667,,199.0,1440322.0,,,,,2516.0,6
LTU,Lithuania,ep,2014-05-25,8.05,1.0,11,LLRA,Lietuvos lenkų rinkimų akcija,Election Action of Lithuania's Poles,3.865,15,842,786.0,1042.0,28,Lietuvos lenku rinkimu akcija,spec,Special issue,3.9,7.325,7.4667,88951.0,,1440952.0,,,,,2511.0,16
LTU,Lithuania,ep,2014-05-25,6.61,1.0,11,LVLS,Lietuvos valstiečių sąjunga,Lithuanian Peasant Union,3.2687,15,842,786.0,1042.0,191,Lietuvos valstiecic sajunga,agr,Agrarian,3.7152,5.8514,5.2909,,,,,,,2432.0,,2
LTU,Lithuania,ep,2014-05-25,3.56,0.0,11,LZP,Lietuvos žalioji partija,Lithuanian Green Party,2.5,15,842,786.0,1042.0,21,Lietuvos zalioji partija,eco,Green/Ecologist,2.5,1.8,6.5,,,,,,,,,19
LTU,Lithuania,ep,2014-05-25,2.0,0.0,11,LTS,Lietuvių tautininkų sąjunga,Lithuanian National Union List,8.7,15,842,786.0,1042.0,432,Lietuviu tautininku sajunga,right,Right-wing,5.9,8.6,2.4,88710.0,,,,,,,,40
LTU,Lithuania,ep,2014-05-25,1.48,0.0,11,LiCS,Liberalų ir centro sąjunga,Liberal and Centre Union,7.7562,15,842,786.0,1042.0,983,Liberalc ir centro sajunga,lib,Liberal,8.2271,2.8532,9.2244,,200.0,1440420.0,,,,2348.0,,6
LUX,Luxembourg,ep,2014-05-25,37.65,3.0,6,CSV,Chrëschtlech Sozial Vollekspartei – Parti populaire chrétien social – Christlich Soziale Volkspartei,Christian Social People's Party,6.4474,7,835,803.0,1069.0,1234,Chreschtlech Sozial Vollekspartei -- Parti populaire chretien social -- Christlich Soziale Volkspartei,chr,Christian democracy,6.7105,7.5,8.3952,23520.0,210.0,1442520.0,,,901.0,6886.0,,3
LUX,Luxembourg,ep,2014-05-25,14.77,1.0,6,DP,Demokratesch Partei – Parti Démocratique – Demokratische Partei,Democratic Party,6.5789,7,835,803.0,1069.0,967,Demokratesch Partei -- Parti Democratique -- Demokratische Partei,lib,Liberal,7.3684,2.7632,7.2706,23420.0,212.0,1442420.0,,,903.0,6926.0,,6
LUX,Luxembourg,ep,2014-05-25,11.75,1.0,6,LSAP,Lëtzebuerger Sozialistesch Arbechterpartei – Parti Ouvrier Socialiste Luxembourgeois – Luxemburger Sozialistische Arbeiterpartei,Luxembourg Socialist Workers' Party,3.2895,7,835,803.0,1069.0,701,Letzebuerger Sozialistesch Arbechterpartei -- Parti Ouvrier Socialiste Luxembourgeois -- Luxemburger Sozialistische Arbeiterpartei,soc,Social democracy,3.9474,1.3158,8.1978,23320.0,211.0,1442320.0,,,902.0,6966.0,,11
LUX,Luxembourg,ep,2014-05-25,15.01,1.0,6,Greng,Déi Gréng – Les Verts – Die Grünen,The Greens,2.5,7,835,803.0,1069.0,310,Dei Greng -- Les Verts -- Die Gruenen,eco,Green/Ecologist,1.5789,0.7895,7.5,23113.0,213.0,1442113.0,,,,6946.0,,19
LUX,Luxembourg,ep,2014-05-25,7.53,0.0,6,AR|ADR,Aktionskomitee Rente – Comité d’action pensions | Alternativ Demokratesch Reformpartei – Parti réformiste d'alternative démocratique,Action Committee Pensions | Alternative Democratic Reform Party,8.8158,7,835,803.0,1069.0,1582,Aktionskomitee Rente -- Comite d action pensions | Alternativ Demokratesch Reformpartei -- Parti reformiste d alternative democratique,con,Conservative,6.3158,7.5,2.5329,23951.0,214.0,1442951.0,,,907.0,6866.0,,26
LUX,Luxembourg,ep,2014-05-25,1.49,0.0,6,KPL,Kommunistesch Partei Lëtzebuerg – Parti Communiste Luxembourgeois – Kommunistische Partei Luxemburg,Communist Party of Luxembourg,1.2,7,835,803.0,1069.0,151,Kommunistesch Partei Letzebuerg -- Parti Communiste Luxembourgeois -- Kommunistische Partei Luxemburg,com,Communist/Socialist,1.4,3.0,2.6,23220.0,216.0,1442220.0,,,904.0,,,14
LUX,Luxembourg,ep,2014-05-25,5.76,0.0,6,DL,Déi Lénk – La Gauche – Die Linke,The Left,0.5263,7,835,803.0,1069.0,457,Dei Lenk -- La Gauche -- Die Linke,com,Communist/Socialist,0.8772,1.0526,0.8772,,215.0,1442222.0,,,,6906.0,,14
LUX,Luxembourg,ep,2014-05-25,4.23,0.0,6,Pi,Piratepartei Lëtzebuerg – Piratenpartei Parti pirate du Luxembourg – Piratenpartei Luxemburg,Pirate Party Luxembourg,,7,835,803.0,1069.0,2256,Piratepartei Letzebuerg -- Parti pirate du Luxembourg -- Piratenpartei Luxemburg,spec,Special issue,,,,,,,,,,,,16
LUX,Luxembourg,ep,2014-05-25,1.82,0.0,6,PID,Partei fir Integral Demokratie – Parti pour la democratie integrale – Partei für Integrale Demokratie,Party for Full Democracy,7.4,7,835,803.0,1069.0,2257,Partei fir Integral Demokratie -- Parti pour la democratie integrale -- Partei fur Integrale Demokratie,con,Conservative,6.4,6.9,7.8,,,,,,,,,26
LVA,Latvia,ep,2014-05-24,46.19,4.0,8,V,Vienotība,Unity,7.4,55,848,765.0,1073.0,1666,Vienotiba,con,Conservative,6.4,6.9,7.8,,,,,,,,2412.0,26
LVA,Latvia,ep,2014-05-24,13.04,1.0,8,S,Saskaņas,Harmony,3.0,55,848,765.0,1073.0,1100,Saskanas,soc,Social democracy,3.25,4.25,7.5,,195.0,1428317.0,,,,,2410.0,11
LVA,Latvia,ep,2014-05-24,14.25,1.0,8,NA/TB/LNNK,Nacionālā apvienība / Tēvzemei un Brīvībai / LNNK,National Alliance / For Fatherland and Freedom / LNNK,8.2588,55,848,765.0,1073.0,521,Nacionala apvieniba / Tevzemei un Brivibai / LNNK,right,Right-wing,6.4433,7.4251,7.0102,87723.0,197.0,1428723.0,,,,2132.0,2406.0,40
LVA,Latvia,ep,2014-05-24,8.26,1.0,8,ZZS,Zaļo un Zemnieku savienība,Green and Farmers' Union,5.2632,55,848,765.0,1073.0,466,Zalo un Zemnieku savieniba,agr,Agrarian,5.3947,6.1184,6.7763,87110.0,198.0,1428110.0,,,,2210.0,,2
LVA,Latvia,ep,2014-05-24,6.38,1.0,8,PCTVL,Par cilvēka tiesībām vienotā Latvijā,For Human Rights in a United Latvia,1.25,55,848,765.0,1073.0,1520,Par cilveka tiesibam vienota Latvija,soc,Social democracy,2.1093,5.5837,4.8684,87422.0,192.0,1428422.0,,,,2106.0,2402.0,11
LVA,Latvia,ep,2014-05-24,2.49,0.0,8,LRa,Latvijas Reģionu apvienība,Latvian Association of Regions,7.4,55,848,765.0,1073.0,2366,Latvijas Regionu apvieniba,con,Conservative,6.4,6.9,7.8,,,,,,,,,26
LVA,Latvia,ep,2014-05-24,1.54,0.0,8,LSP,Latvijas Sociālistiskā partija,Socialist Party of Latvia,1.25,55,848,765.0,1073.0,309,Latvijas Socialistiska partija,com,Communist/Socialist,2.1093,5.5837,4.8684,87310.0,,,,,,2106.0,2402.0,14
LVA,Latvia,ep,2014-05-24,2.12,0.0,8,LAAT, Latvijas attīstībai,Latvian Development,6.0,55,848,765.0,1073.0,2392, Latvijas attistibai,lib,Liberal,6.7,3.5,8.7,,,,,,,,,6
LVA,Latvia,ep,2014-05-24,3.73,0.0,8,PPA,"Politiskā Partija ""Alternative""","Political Party ""Alternative""",3.3,55,848,765.0,1073.0,2393,"Politiska Partija ""Alternative""",soc,Social democracy,3.5,3.5,8.1,,,,,,,,,11
MLT,Malta,ep,2014-05-25,53.39,3.0,6,MLP,Partit Laburista,Malta Labour Party,4.2105,72,836,790.0,1046.0,1003,Partit Laburista,soc,Social democracy,5.1128,6.3158,2.406,54320.0,226.0,1470300.0,,,,7004.0,,11
MLT,Malta,ep,2014-05-25,40.02,3.0,6,PN,Partit Nazzjonalista,Nationalist Party,5.7143,72,836,790.0,1046.0,984,Partit Nazzjonalista,con,Conservative,4.6617,6.9173,9.3985,54620.0,227.0,1470500.0,,,,7022.0,,26
MLT,Malta,ep,2014-05-25,2.68,0.0,6,IE, Imperu Ewropew,Imperium Europa,8.7,72,836,790.0,1046.0,1400, Imperu Ewropew,right,Right-wing,5.9,8.6,2.4,,,,,,,,,40
MLT,Malta,ep,2014-05-25,2.95,0.0,6,AD,Alternattiva Demokratika,Democratic Alternative,3.7895,72,836,790.0,1046.0,360,Alternattiva Demokratika,eco,Green/Ecologist,3.2632,4.6316,9.2632,,224.0,1470100.0,,,,6986.0,,19
NLD,Netherlands,ep,2014-05-25,15.18,5.0,26,CDA,Christen Democratisch Appèl,Christian Democratic Appeal,5.9376,8,846,785.0,1041.0,235,Christen Democratisch Appel,chr,Christian democracy,5.8848,6.6882,7.7157,22521.0,293.0,1528521.0,1106.0,2604.0,1001.0,7040.0,1001.0,3
NLD,Netherlands,ep,2014-05-25,15.48,4.0,26,D66,Democraten 66,Democrats 66,4.5066,8,846,785.0,1041.0,345,Democraten 66,lib,Liberal,4.9917,1.7625,8.6233,22330.0,295.0,1528330.0,1105.0,2603.0,1004.0,7080.0,1004.0,6
NLD,Netherlands,ep,2014-05-25,13.32,4.0,26,PVV,Partij voor de Vrijheid,Party for Freedom,8.8,8,846,785.0,1041.0,1501,Partij voor de Vrijheid,con,Conservative,8.29,6.57,0.9167,,301.0,1528600.0,,,,,1017.0,26
NLD,Netherlands,ep,2014-05-25,12.02,3.0,26,VVD,Volkspartij voor Vrijheid en Democratie,People's Party for Freedom and Democracy,7.3482,8,846,785.0,1041.0,1409,Volkspartij voor Vrijheid en Democratie,lib,Liberal,7.8979,4.3887,5.9471,22420.0,305.0,1528420.0,1107.0,2605.0,1003.0,7200.0,1003.0,6
NLD,Netherlands,ep,2014-05-25,9.4,3.0,26,PvdA,Partij van de Arbeid,Labour Party,3.6118,8,846,785.0,1041.0,742,Partij van de Arbeid,soc,Social democracy,3.868,3.2028,7.9904,22320.0,299.0,1528320.0,1104.0,2602.0,1002.0,7140.0,1002.0,11
NLD,Netherlands,ep,2014-05-25,9.64,2.0,26,SP,Socialistiese Partij,Socialist Party,1.2146,8,846,785.0,1041.0,357,Socialistiese Partij,com,Communist/Socialist,1.0421,4.2099,2.5049,22220.0,304.0,1528220.0,1101.0,,,7180.0,1014.0,14
NLD,Netherlands,ep,2014-05-25,7.67,2.0,26,CU,ChristenUnie – Staatkundig Gereformeerde Partij,ChristianUnion -- Reformed Political Party,6.1732,8,846,785.0,1041.0,1206,ChristenUnie -- Staatkundig Gereformeerde Partij,chr,Christian democracy,4.6769,8.6005,4.4157,22526.0,294.0,1528526.0,,,,7060.0,1016.0,3
NLD,Netherlands,ep,2014-05-25,6.98,2.0,26,GL,GroenLinks,GreenLeft,2.0454,8,846,785.0,1041.0,756,GroenLinks,eco,Green/Ecologist,2.1108,1.644,6.1973,22110.0,297.0,1528110.0,,2601.0,1005.0,7100.0,1005.0,19
NLD,Netherlands,ep,2014-05-25,4.21,1.0,26,PvdD,Partij voor de Dieren,Party for the Animals,,8,846,785.0,1041.0,990,Partij voor de Dieren,spec,Special issue,,,,,300.0,1528006.0,,,,,1018.0,16
NLD,Netherlands,ep,2014-05-25,3.69,0.0,26,50+,50PLUS,50PLUS,6.0,8,846,785.0,1041.0,2109,50PLUS,lib,Liberal,6.7,3.5,8.7,,,,,,,,,6
POL,Poland,ep,2014-05-25,32.13,19.0,51,PO,Platforma Obywatelska,Civic Platform,6.2355,74,837,766.0,985.0,512,Platforma Obywatelska,con,Conservative,8.236,3.7102,9.3705,92435.0,228.0,1616435.0,,,,2980.0,2603.0,26
POL,Poland,ep,2014-05-25,31.78,19.0,51,PiS,Prawo i Sprawiedliwość,Law and Justice,7.6997,74,837,766.0,985.0,528,Prawo i Sprawiedliwosc,con,Conservative,4.0466,8.2514,5.4813,92436.0,230.0,1616436.0,,,,3032.0,2605.0,26
POL,Poland,ep,2014-05-25,9.44,4.0,51,SLD,Sojusz Lewicy Demokratycznej,Democratic Left Alliance,2.8299,74,837,766.0,985.0,629,Sojusz Lewicy Demokratycznej,soc,Social democracy,3.8505,1.8801,9.0872,92210.0,231.0,1616210.0,,3001.0,,3102.0,2601.0,11
POL,Poland,ep,2014-05-25,7.15,4.0,51,UPR|KNP,Unia Polityki Realnej | Kongres Nowej Prawicy,Real Politics Union | Congress of the New Right,9.7368,74,837,766.0,985.0,1549,Unia Polityki Realnej | Kongres Nowej Prawicy,con,Conservative,9.4737,8.1579,2.3684,92432.0,382.0,,,,,3154.0,,26
POL,Poland,ep,2014-05-25,6.8,4.0,51,PSL,Polskie Stronnictwo Ludowe,Polish People's Party,4.1856,74,837,766.0,985.0,664,Polskie Stronnictwo Ludowe,agr,Agrarian,2.8942,6.5491,5.3573,92811.0,229.0,1616811.0,,3002.0,,3006.0,2606.0,2
POL,Poland,ep,2014-05-25,,1.0,51,UP,Unia Pracy,Labour Union,2.0348,74,837,766.0,985.0,838,Unia Pracy,soc,Social democracy,1.8898,1.3726,8.7816,92322.0,,,,,,3128.0,2602.0,11
POL,Poland,ep,2014-05-25,3.98,0.0,51,SP,Solidarna Polska,United Poland,8.7,74,837,766.0,985.0,2372,Solidarna Polska,right,Right-wing,5.9,8.6,2.4,,,,,,,,,40
POL,Poland,ep,2014-05-25,3.16,0.0,51,PR,Polska Razem,Poland Together,7.4,74,837,766.0,985.0,2331,Polska Razem,con,Conservative,6.4,6.9,7.8,,,,,,,,,26
POL,Poland,ep,2014-05-25,3.58,0.0,51,RP,Twój Ruch (Palikota),Your (Palikot's) Movement,6.0,74,837,766.0,985.0,1945,Twoj Ruch (Palikota),lib,Liberal,6.7,3.5,8.7,,,,,,,,,6
POL,Poland,ep,2014-05-25,1.4,0.0,51,RN,Ruch Narodowy,National Movement ,8.7,74,837,766.0,985.0,2398,Ruch Narodowy,right,Right-wing,5.9,8.6,2.4,,,,,,,,,40
PRT,Portugal,ep,2014-05-25,34.01,8.0,21,PS,Partido Socialista,Socialist Party,4.0492,63,838,702.0,917.0,725,Partido Socialista,soc,Social democracy,4.2716,3.5411,9.2233,35311.0,246.0,1620311.0,,3102.0,1205.0,7704.0,1205.0,11
PRT,Portugal,ep,2014-05-25,29.95,7.0,21,PSD,Partido Social Democrata,Social Democratic Party,6.2949,63,838,702.0,917.0,1273,Partido Social Democrata,lib,Liberal,6.8488,7.0224,8.4691,35313.0,245.0,1620313.0,,3103.0,1206.0,7722.0,1206.0,6
PRT,Portugal,ep,2014-05-25,13.71,3.0,21,CDU,Coligação Democrático Unitária,Unified Democratic Coalition,2.2233,63,838,702.0,917.0,1295,Coligacao Democratico Unitaria,com,Communist/Socialist,1.48,2.6433,3.2,35229.0,234.0,1620229.0,,,1201.0,,1201.0,14
PRT,Portugal,ep,2014-05-25,7.72,2.0,21,MPT,Partido da Terra,Earth Party,2.5,63,838,702.0,917.0,2373,Partido da Terra,eco,Green/Ecologist,2.5,1.8,6.5,,,,,,,,,19
PRT,Portugal,ep,2014-05-25,4.93,1.0,21,BE,Bloco de Esquerda,Bloc of the Left,1.6425,63,838,702.0,917.0,557,Bloco de Esquerda,com,Communist/Socialist,1.9526,1.267,3.7018,35211.0,232.0,1620211.0,,,,7632.0,1208.0,14
PRT,Portugal,ep,2014-05-25,2.35,0.0,21,L,"Livre – Liberdade, Esquerda, Europa e Ecologia",Livre,3.3,63,838,702.0,917.0,2374,"Livre -- Liberdade, Esquerda, Europa e Ecologia",soc,Social democracy,3.5,3.5,8.1,,,,,,,,,11
PRT,Portugal,ep,2014-05-25,1.72,0.0,21,PAN,Partido pelos Animais e pela Natureza,Party for Animals and Nature,2.5,63,838,702.0,917.0,1781,Partido pelos Animais e pela Natureza,eco,Green/Ecologist,2.5,1.8,6.5,,,,,,,,,19
PRT,Portugal,ep,2014-05-25,1.67,0.0,21,PCTP/MRPP,Comunista dos Trabalhadores Portugueses / Movimento Reorganizativo do Partido do Proletariado,Communist Party of the Portuguese Workers / Reorganizative Movement of the Party of the Proletariat,1.2,63,838,702.0,917.0,281,Comunista dos Trabalhadores Portugueses / Movimento Reorganizativo do Partido do Proletariado,com,Communist/Socialist,1.4,3.0,3.3,,237.0,,,,,,,14
ROU,Romania,ep,2014-05-25,37.6,16.0,32,PSD,Partidul Social Democrat,Social Democratic Party,3.2325,23,849,787.0,1085.0,1120,Partidul Social Democrat,soc,Social democracy,2.4518,6.2794,8.6459,93221.0,252.0,1642300.0,,3202.0,,3330.0,2701.0,11
ROU,Romania,ep,2014-05-25,15.01,6.0,32,PNL,Partidul Naţional Liberal,National Liberal Party,6.0543,23,849,787.0,1085.0,1015,Partidul National Liberal,lib,Liberal,7.245,3.5474,9.6079,93430.0,249.0,1642401.0,,3201.0,,3252.0,2705.0,6
ROU,Romania,ep,2014-05-25,12.23,5.0,32,PD-L,Partidul Democrat-Liberal,Democratic Liberal Party,5.3875,23,849,787.0,1085.0,958,Partidul Democrat-Liberal,lib,Liberal,5.1868,3.9647,9.5309,,248.0,1642400.0,,,,3226.0,2704.0,6
ROU,Romania,ep,2014-05-25,6.3,2.0,32,UDMR,Uniunea Democrată Maghiară din România,Democratic Union of Hungarians in Romania,6.016,23,849,787.0,1085.0,948,Uniunea Democratica Maghiara din Romania,con,Conservative,5.9825,3.8813,9.4801,93951.0,253.0,1642900.0,,,,3382.0,2706.0,26
ROU,Romania,ep,2014-05-25,6.22,2.0,32,PMP,Partidul Mișcarea Populară,People's Movement Party,6.2,23,849,787.0,1085.0,2395,Partidul Miscarea Populara,chr,Christian democracy,5.7,7.2,8.3,,,,,,,,,3
ROU,Romania,ep,2014-05-25,6.82,1.0,32,I-MD,Mircea Diaconu,Independent -- Mircea Diaconu,,23,849,787.0,1085.0,2394,Mircea Diaconu,none,no family,,,,,,,,,,,,12
ROU,Romania,ep,2014-05-25,2.7,0.0,32,PRM,Partidul România Mare,Greater Romania Party,6.6618,23,849,787.0,1085.0,713,Partidul Romania Mare,right,Right-wing,2.1497,9.5131,4.9488,93712.0,251.0,1642700.0,,3209.0,,3304.0,2703.0,40
ROU,Romania,ep,2014-05-25,2.61,0.0,32,FC,Forța Civică,Civic Force,6.2,23,849,787.0,1085.0,2129,Forta Civica,chr,Christian democracy,5.7,7.2,8.3,,,,,,,,,3
ROU,Romania,ep,2014-05-25,3.67,0.0,32,PP-DD,Partidul Poporului – Dan Diaconescu,People's Party -- Dan Diaconescu,1.2,23,849,787.0,1085.0,2130,Partidul Poporului -- Dan Diaconescu,com,Communist/Socialist,1.4,3.0,3.3,,,,,,,,,14
ROU,Romania,ep,2014-05-25,1.15,0.0,32,PER,Partidul Ecologist Român,Romanian Ecologist Party,2.5,23,849,787.0,1085.0,792,Partidul Ecologist Roman,eco,Green/Ecologist,2.5,1.8,6.5,93112.0,,,,,,,,19
SVK,Slovakia,ep,2014-05-25,24.1,4.0,13,Smer,Smer – sociálna demokracia,Direction -- Social Democracy,3.3799,1,847,781.0,1027.0,220,Smer -- socialna demokracia,soc,Social democracy,3.5124,3.6548,7.1697,96423.0,258.0,1703423.0,,,,4157.0,2803.0,11
SVK,Slovakia,ep,2014-05-25,13.22,2.0,13,KDH,Kresťanskodemokratické hnutie,Christian Democratic Movement,7.1082,1,847,781.0,1027.0,1432,Krest'anskodemokraticke hnutie,chr,Christian democracy,6.9698,8.8217,6.6998,96521.0,254.0,1703521.0,,3405.0,,3902.0,2805.0,3
SVK,Slovakia,ep,2014-05-25,7.75,2.0,13,SDKU-DS,Slovenská demokratická a kresťanská únia – Demokratická strana,Slovak Democratic and Christian Union -- Democratic Party,7.3591,1,847,781.0,1027.0,131,Slovenska demokraticka a krestanska unia -- Demokraticka strana,chr,Christian democracy,7.4401,5.0433,9.3905,96523.0,256.0,1703523.0,,,,4079.0,2802.0,3
SVK,Slovakia,ep,2014-05-25,5.83,1.0,13,MH,Most-Híd,Most-Hid,7.4,1,847,781.0,1027.0,1620,Most-Hid,con,Conservative,6.4,6.9,7.8,,,,,,,,2813.0,26
SVK,Slovakia,ep,2014-05-25,6.67,1.0,13,SaS,Sloboda a solidarita,Freedom and Solidarity,6.0,1,847,781.0,1027.0,1460,Sloboda a solidarita,lib,Liberal,6.7,3.5,8.7,,,,,,,,2812.0,6
SVK,Slovakia,ep,2014-05-25,6.83,1.0,13,OKS,Obcianska konzervatívna strana,Civic Conservative Party,8.4211,1,847,781.0,1027.0,1645,Obcianska konzervatIvna strana,con,Conservative,8.4211,8.4211,2.6316,,,,,,,3977.0,,26
SVK,Slovakia,ep,2014-05-25,6.53,1.0,13,MK,Maďarskej koalície – Magyar koalíció,Hungarian Coalition,6.5005,1,847,781.0,1027.0,559,Ma'arskej koalicie -- Magyar koalicio,con,Conservative,6.0172,6.1761,9.3803,96952.0,259.0,1703954.0,,,,4105.0,2804.0,26
SVK,Slovakia,ep,2014-05-25,7.46,1.0,13,OLaNO,Obyčajní ľudia a nezávislé osobnosti,Ordinary People and Independent,7.4,1,847,781.0,1027.0,1759,Obycajni ludia a nezavisle osobnosti,con,Conservative,6.4,6.9,7.8,,,,,,,,,26
SVK,Slovakia,ep,2014-05-25,3.61,0.0,13,SNS,Slovenská národná strana,Slovak National Party,7.0198,1,847,781.0,1027.0,1072,Slovenska narodna strana,right,Right-wing,4.5191,8.46,3.838,96710.0,257.0,1703710.0,,3401.0,,4131.0,2809.0,40
SVK,Slovakia,ep,2014-05-25,1.52,0.0,13,KSS,Komunistická strana Slovenska,Communist Party of Slovakia,0.5275,1,847,781.0,1027.0,44,Komunisticka strana Slovenska,com,Communist/Socialist,0.937,4.5302,3.5075,96222.0,,1703222.0,,,,3928.0,2807.0,14
SVK,Slovakia,ep,2014-05-25,1.74,0.0,13,LsNS,Ľudová strana Naše Slovensko,People's Party Our Slovakia,8.7,1,847,781.0,1027.0,586,Ludova strana Nase Slovensko,right,Right-wing,5.9,8.6,2.4,,,,,,,,,40
SVK,Slovakia,ep,2014-05-25,1.49,0.0,13,SDSS,Sociálnodemokratická strana Slovenska,Social Democratic Party of Slovakia,4.8111,1,847,781.0,1027.0,1651,Socialnodemokraticka strana Slovenska,soc,Social democracy,3.5,3.5,8.1,,,,,3404.0,,,,11
SVK,Slovakia,ep,2014-05-25,1.66,0.0,13,PaS,Právo a spravodlivost,Law and Justice,1.2,1,847,781.0,1027.0,2389,Pravo a spravodlivost,com,Communist/Socialist,1.4,3.0,3.3,,,,,,,,,14
SVK,Slovakia,ep,2014-05-25,3.7,0.0,13,TIP,Strana TIP – Tvoríme inú politiku,TIP Party -- We create another policy ,6.0,1,847,781.0,1027.0,2388,Strana TIP -- Tvorime inu politiku,lib,Liberal,6.7,3.5,8.7,,,,,,,,,6
SVK,Slovakia,ep,2014-05-25,1.19,0.0,13,MS,Magnificat Slovakia,Beautiful Slovakia,6.2,1,847,781.0,1027.0,2390,Magnificat Slovakia,chr,Christian democracy,5.7,7.2,8.3,,,,,,,,,3
SVK,Slovakia,ep,2014-05-25,1.38,0.0,13,NaS-NS,Národ a spravodlivosť – Naša strana,Nation and Justice -- Our Party,8.7,1,847,781.0,1027.0,2391,Narod a spravodlivost -- Nasa strana,right,Right-wing,5.9,8.6,2.4,,,,,,,,,40
SVN,Slovenia,ep,2014-05-25,24.78,3.0,8,SDS,Slovenska demokratska stranka,Slovenian Democratic Party,6.9996,60,844,778.0,1047.0,179,Slovenska demokratska stranka,soc,Social democracy,5.6339,6.7947,8.804,97320.0,263.0,1705320.0,,,,4261.0,2902.0,11
SVN,Slovenia,ep,2014-05-25,16.6,2.0,8,NSI,Nova Slovenija – Krščanska ljudska stranka,New Slovenia -- Christian People's Party,7.9345,60,844,778.0,1047.0,1047,Nova Slovenija -- Krscanska ljudska stranka,chr,Christian democracy,5.9719,8.3998,8.4866,97522.0,262.0,1705522.0,,,,4235.0,2905.0,3
SVN,Slovenia,ep,2014-05-25,8.12,1.0,8,DeSUS,Demokratična stranka upokojencev Slovenije,Democratic Party of Pensioners of Slovenia,3.2292,60,844,778.0,1047.0,1587,Demokraticna stranka upokojencev Slovenije,spec,Special issue,3.225,5.0708,7.0936,97951.0,260.0,1705951.0,,,,4183.0,2906.0,16
SVN,Slovenia,ep,2014-05-25,8.08,1.0,8,ZL-SD,Združena lista – Socialni demokrati,United List -- Social Democrats,3.0637,60,844,778.0,1047.0,706,Zdruzena lista -- Socialni demokrati,soc,Social democracy,3.8001,2.9642,8.1513,97321.0,266.0,1705323.0,,,,4365.0,2903.0,11
SVN,Slovenia,ep,2014-05-25,10.33,1.0,8,V,Verjamem,I Believe ,3.3,60,844,778.0,1047.0,2384,Verjamem,soc,Social democracy,3.5,3.5,8.1,,,,,,,,,11
SVN,Slovenia,ep,2014-05-25,6.63,0.0,8,LZJ-PS,Lista Zorana Jankovića – Pozitivna Slovenija,Zoran Jankovic's List -- Positive Slovenia,3.3,60,844,778.0,1047.0,1987,Lista Zorana Jankovica -- Pozitivna Slovenija,soc,Social democracy,3.5,3.5,8.1,,,,,,,,,11
SVN,Slovenia,ep,2014-05-25,5.47,0.0,8,ZdLe,Združena levica,United Left,1.2,60,844,778.0,1047.0,2334,Zdruzena levica,com,Communist/Socialist,1.4,3.0,3.3,,,,,,,,,14
SVN,Slovenia,ep,2014-05-25,4.03,0.0,8,SNS,Slovenska nacionalna stranka,Slovenian National Party,4.7941,60,844,778.0,1047.0,981,Slovenska nacionalna stranka,code,to be coded,4.3938,6.0148,2.6754,97710.0,265.0,1705710.0,,,,4339.0,2907.0,28
SVN,Slovenia,ep,2014-05-25,2.56,0.0,8,PSS, Piratska stranka Slovenije,Slovenian Pirate Party,,60,844,778.0,1047.0,2338, Piratska stranka Slovenije,spec,Special issue,,,,,,,,,,,,16
SVN,Slovenia,ep,2014-05-25,4.92,0.0,8,I-JK,Independent – Jelko Kacin,Independent -- Jelko Kacin,,60,844,778.0,1047.0,2383,Independent -- Jelko Kacin,none,no family,,,,,,,,,,,,12
SVN,Slovenia,ep,2014-05-25,3.54,0.0,8,SS,Sanjska služba,Dream Job,2.5,60,844,778.0,1047.0,2385,Sanjska sluzba,eco,Green/Ecologist,2.5,1.8,6.5,,,,,,,,,19
SVN,Slovenia,ep,2014-05-25,1.67,0.0,8,S,Solidarnost ,Solidarity,3.3,60,844,778.0,1047.0,2386,Solidarnost ,soc,Social democracy,3.5,3.5,8.1,,,,,,,,,11
SVN,Slovenia,ep,2014-05-25,1.14,0.0,8,DL,Državljanska lista,Civic List,6.0,60,844,778.0,1047.0,1988,Drzavljanska lista,lib,Liberal,6.7,3.5,8.7,,,,,,,,,6
SWE,Sweden,ep,2014-05-25,24.19,5.0,20,SAP,Socialdemokraterna,Social Democrats,3.4447,35,843,512.0,854.0,904,Socialdemokraterna,soc,Social democracy,3.5655,4.4407,7.4445,11320.0,277.0,1752320.0,1502.0,3702.0,1602.0,7940.0,1602.0,11
SWE,Sweden,ep,2014-05-25,15.41,4.0,20,MP,Miljöpartiet de Gröna,Greens,3.3789,35,843,512.0,854.0,1154,Miljopartiet de Grona,eco,Green/Ecologist,3.3866,2.5198,0.9875,11110.0,281.0,1752110.0,,3703.0,1607.0,7920.0,1607.0,19
SWE,Sweden,ep,2014-05-25,13.65,3.0,20,M,Moderaterna,Moderate Party,7.8907,35,843,512.0,854.0,657,Moderaterna,con,Conservative,8.4089,5.6977,8.5872,11620.0,278.0,1752620.0,1505.0,3707.0,1605.0,7900.0,1605.0,26
SWE,Sweden,ep,2014-05-25,9.91,2.0,20,FP,Folkpartiet,People's Party,6.2906,35,843,512.0,854.0,892,Folkpartiet,lib,Liberal,7.3062,2.8515,9.4643,11420.0,280.0,1752420.0,1503.0,3704.0,1604.0,7860.0,1604.0,6
SWE,Sweden,ep,2014-05-25,9.67,2.0,20,SD,Sverigedemokraterna,Sweden Democrats,8.7,35,843,512.0,854.0,1546,Sverigedemokraterna,right,Right-wing,5.9,8.6,2.4,,285.0,1752700.0,,,,,1610.0,40
SWE,Sweden,ep,2014-05-25,6.49,1.0,20,C,Centerpartiet,Centre Party,5.8084,35,843,512.0,854.0,1461,Centerpartiet,agr,Agrarian,5.9903,6.0583,5.5679,11810.0,279.0,1752810.0,1504.0,3705.0,1603.0,7840.0,1603.0,2
SWE,Sweden,ep,2014-05-25,5.93,1.0,20,KD,Kristdemokraterna,Christian Democrats,7.195,35,843,512.0,854.0,282,Kristdemokraterna,chr,Christian democracy,6.7938,7.9997,7.8597,11520.0,283.0,1752520.0,,3706.0,1606.0,7880.0,1606.0,3
SWE,Sweden,ep,2014-05-25,6.3,1.0,20,V,Vänsterpartiet (kommunisterna),Left Party (Communists),1.5464,35,843,512.0,854.0,882,Vansterpartiet (kommunisterna),com,Communist/Socialist,1.4121,2.4562,1.2042,11220.0,282.0,1752220.0,1501.0,3701.0,1601.0,7960.0,1601.0,14
SWE,Sweden,ep,2014-05-25,5.49,1.0,20,Fi,Feministiskt initiativ,Feminist Initiative,,35,843,512.0,854.0,1521,Feministiskt initiativ,spec,Special issue,,,,,286.0,,,,,,,16
SWE,Sweden,ep,2014-05-25,2.23,0.0,20,Pi,Piratpartiet,Pirate Party,,35,843,512.0,854.0,721,Piratpartiet,spec,Special issue,,,,,287.0,1752000.0,,,,,1611.0,16
