country_name_short,country_name,election_date,start_date,cabinet_name,caretaker,cabinet_party,prime_minister,seats,election_seats_total,party_name_short,party_name,party_name_english,left_right,country_id,election_id,cabinet_id,party_id,party_name_ascii,family_name_short,family_name,state_market,liberty_authority,eu_anti_pro,family_id,vote_share,seats_total
AUT,Austria,2013-09-29,2016-05-17,Kern,0,0,0,40.0,183,FPO,Freiheitliche Partei Österreichs,Freedom Party of Austria,8.3494,59,802,1485,50.0,Freiheitliche Partei Oesterreichs,right,Right-wing,6.3291,8.5149,1.9815,40.0,20.5,183.0
AUT,Austria,2013-09-29,2016-05-17,Kern,0,0,0,24.0,183,Gruene,Die Grünen – Die Grüne Alternative,The Greens -- The Green Alternative,2.4604,59,802,1485,1429.0,Die Gruenen -- Die Gruene Alternative,eco,Green/Ecologist,2.7489,1.4308,6.6845,19.0,12.4,183.0
AUT,Austria,2013-09-29,2016-05-17,Kern,0,0,0,9.0,183,NEOS,NEOS – Das Neue Österreich,NEOS -- The New Austria,6.0,59,802,1485,2255.0,NEOS -- Das Neue Oesterreich,lib,Liberal,6.7,3.5,8.7,6.0,5.0,183.0
AUT,Austria,2013-09-29,2016-05-17,Kern,0,1,0,47.0,183,OVP,Österreichische Volkspartei,Austrian People's Party,6.4733,59,802,1485,1013.0,Oesterreichische Volkspartei,chr,Christian democracy,6.9485,7.6198,8.8451,3.0,24.0,183.0
AUT,Austria,2013-09-29,2016-05-17,Kern,0,1,1,52.0,183,SPO,Sozialdemokratische Partei Österreichs,Social Democratic Party of Austria,3.7293,59,802,1485,973.0,Sozialdemokratische Partei Oesterreichs,soc,Social democracy,3.4728,3.4766,8.4495,11.0,26.8,183.0
AUT,Austria,2013-09-29,2016-05-17,Kern,0,0,0,11.0,183,TS,Team Stronach,Team Stronach,6.0,59,802,1485,2150.0,Team Stronach,lib,Liberal,6.7,3.5,8.7,6.0,5.7,183.0
BEL,Belgium,2014-05-25,2014-10-11,Michel,0,0,0,6.0,150,AGL-Gr,Agalev – Groen,Agalev -- Green,2.5762,64,816,1147,1594.0,Agalev -- Groen,eco,Green/Ecologist,2.0089,1.0234,7.2593,19.0,5.32,150.0
BEL,Belgium,2014-05-25,2014-10-11,Michel,0,1,0,18.0,150,CVP,Christelijke Volkspartij,Flemish Christian Peoples Party,5.7667,64,816,1147,723.0,Christelijke Volkspartij,chr,Christian democracy,5.5876,7.2083,8.9013,3.0,11.61,150.0
BEL,Belgium,2014-05-25,2014-10-11,Michel,0,0,0,6.0,150,Ecolo,Écologistes Confédérés pour l'organisation de luttes originales,Confederated ecologists for the organisation of original struggles,2.641,64,816,1147,161.0,Ecologistes Confederes pour l'organisation de luttes originales,eco,Green/Ecologist,2.3887,1.3744,7.5411,19.0,3.3,150.0
BEL,Belgium,2014-05-25,2014-10-11,Michel,0,0,0,2.0,150,FDF,Front Démocratique des Francophones,Francophone Democratic Front,6.1259,64,816,1147,969.0,Front Democratique des Francophones,lib,Liberal,6.25,5.8,8.7274,6.0,1.8,150.0
BEL,Belgium,2014-05-25,2014-10-11,Michel,0,1,1,20.0,150,MR,Mouvement Réformateur,Reformist Movement,6.6889,64,816,1147,915.0,Mouvement Reformateur,lib,Liberal,7.1934,4.2102,8.3003,6.0,9.64,150.0
BEL,Belgium,2014-05-25,2014-10-11,Michel,0,1,0,33.0,150,N-VA,Nieuw-Vlaamse Alliantie,New Flemish Alliance,6.5321,64,816,1147,501.0,Nieuw-Vlaamse Alliantie,con,Conservative,5.8809,6.06,6.4243,26.0,20.26,150.0
BEL,Belgium,2014-05-25,2014-10-11,Michel,0,0,0,2.0,150,PA-PTB,Partij van de Arbeid – Parti du Travail de Belgique,Workers' Party of Belgium,1.2,64,816,1147,256.0,Partij van de Arbeid -- Parti du Travail de Belgique,com,Communist/Socialist,1.4,3.0,3.3,14.0,3.72,150.0
BEL,Belgium,2014-05-25,2014-10-11,Michel,0,0,0,23.0,150,PS,Parti Socialiste,Francophone Socialist Party,2.9307,64,816,1147,1378.0,Parti Socialiste,soc,Social democracy,2.5938,3.1712,8.1465,11.0,11.67,150.0
BEL,Belgium,2014-05-25,2014-10-11,Michel,0,0,0,9.0,150,PSC-CDH,Parti Social Chrétien – Centre Democrate Humaniste,Francophone Christian Social Party -- Humanist Democratic Centre,5.4974,64,816,1147,1192.0,Parti Social Chretien -- Centre Democrate Humaniste,chr,Christian democracy,5.3711,6.6409,8.7795,3.0,4.98,150.0
BEL,Belgium,2014-05-25,2014-10-11,Michel,0,1,0,14.0,150,PVV|VLD,Partij voor Vrijheid en Vooruitgang | Vlaamse Liberalen en Democraten,Party of Liberty and Progress | Flemish Liberals and Democrats,7.0053,64,816,1147,1110.0,Partij voor Vrijheid en Vooruitgang | Vlaamse Liberalen en Democraten,lib,Liberal,7.7639,3.7139,8.7549,6.0,9.78,150.0
BEL,Belgium,2014-05-25,2014-10-11,Michel,0,0,0,1.0,150,Pp,Parti populaire,People's Party,7.4,64,816,1147,438.0,Parti populaire,con,Conservative,6.4,6.9,7.8,26.0,1.52,150.0
BEL,Belgium,2014-05-25,2014-10-11,Michel,0,0,0,13.0,150,SP,Socialistische Partij,Socialist Party,3.2459,64,816,1147,1029.0,Socialistische Partij,soc,Social democracy,3.0183,3.0805,7.9023,11.0,8.83,150.0
BEL,Belgium,2014-05-25,2014-10-11,Michel,0,0,0,3.0,150,VB,Vlaams Blok,Flemish Block,9.6622,64,816,1147,993.0,Vlaams Blok,right,Right-wing,7.695,9.5234,2.756,40.0,3.67,150.0
BGR,Bulgaria,2014-10-05,2014-11-07,Borisov II,0,1,0,11.0,240,ABV,Alternativa za balgarsko vazrazhdane,Alternative for Bulgarian Revival,3.3,10,840,1153,2364.0,Alternativa za balgarsko vazrazhdane,soc,Social democracy,3.5,3.5,8.1,11.0,4.15,240.0
BGR,Bulgaria,2014-10-05,2014-11-07,Borisov II,0,0,0,11.0,240,Ataka,Ataka,Attack,5.46,10,840,1153,535.0,Ataka,right,Right-wing,3.25,9.17,2.4333,40.0,4.52,240.0
BGR,Bulgaria,2014-10-05,2014-11-07,Borisov II,0,0,0,15.0,240,BBZ,Balgarija bes Zensura,Bulgaria Without Censorship,7.4,10,840,1153,2362.0,Balgarija bes Zensura,con,Conservative,6.4,6.9,7.8,26.0,5.69,240.0
BGR,Bulgaria,2014-10-05,2014-11-07,Borisov II,0,0,0,38.0,240,DPS,Dvizhenie za Prava i Svobodi,Movement for Rights and Freedoms,4.5828,10,840,1153,1286.0,Dvizhenie za Prava i Svobodi,lib,Liberal,4.413,6.229,9.0094,6.0,14.84,240.0
BGR,Bulgaria,2014-10-05,2014-11-07,Borisov II,0,1,1,84.0,240,GERB,Grazhdani za Evropeysko Razvitie na Balgariya,Citizens for European Development of Bulgaria,7.4,10,840,1153,1541.0,Grazhdani za Evropeysko Razvitie na Balgariya,con,Conservative,6.4,6.9,7.8,26.0,32.67,240.0
BGR,Bulgaria,2014-10-05,2014-11-07,Borisov II,0,0,0,39.0,240,KzB|DL,Koalitsiya za Balgariya | Demokratichna Levitsa,Coalition for Bulgaria | Democratic Left,2.8982,10,840,1153,1160.0,Koalitsiya za Balgariya | Demokratichna Levitsa,soc,Social democracy,2.9629,5.741,8.6402,11.0,15.4,240.0
BGR,Bulgaria,2014-10-05,2014-11-07,Borisov II,0,0,0,19.0,240,NFSB,Natsionalen Front za Spasenie na Balgariya,National Front for the Salvation of Bulgaria,8.7,10,840,1153,2211.0,Natsionalen Front za Spasenie na Balgariya,right,Right-wing,5.9,8.6,2.4,40.0,7.28,240.0
BGR,Bulgaria,2014-10-05,2014-11-07,Borisov II,0,1,0,23.0,240,RB,Reformatorski Blok,Reformist Bloc,7.4,10,840,1153,2363.0,Reformatorski Blok,con,Conservative,6.4,6.9,7.8,26.0,8.89,240.0
CHE,Switzerland,2015-10-18,2015-12-09,Bundesrat 2015,0,0,0,7.0,200,BDP,Bürgerlich–Demokratische Partei (BDP) Graubünden,Conservative Democratic Party of Switzerland,7.4,40,995,1212,1213.0,Buergerlich--Demokratische Partei (BDP) Graubuenden,con,Conservative,6.4,6.9,7.8,26.0,4.1,200.0
CHE,Switzerland,2015-10-18,2015-12-09,Bundesrat 2015,0,1,0,27.0,200,CVP-PDC,Christlichdemokratische Volkspartei – Parti démocrate–chrétien,Conservative Peoples Party,4.7288,40,995,1212,531.0,Christlichdemokratische Volkspartei -- Parti democrate--chretien,chr,Christian democracy,5.6421,7.1414,6.3386,3.0,11.65,200.0
CHE,Switzerland,2015-10-18,2015-12-09,Bundesrat 2015,0,0,0,2.0,200,EVP-PEP,Evangelische Volkspartei der Schweiz – Parti Populaire Evangelique Suisse,Protestant Peoples Party,4.9248,40,995,1212,602.0,Evangelische Volkspartei der Schweiz -- Parti Populaire Evangelique Suisse,chr,Christian democracy,4.4498,7.5812,5.0504,3.0,2.1,200.0
CHE,Switzerland,2015-10-18,2015-12-09,Bundesrat 2015,0,1,0,33.0,200,FDP-PRD,Freisinnig-Demokratische Partei der Schweiz – Parti Radical-Democratique Suisse,Radical Democratic Party,6.3249,40,995,1212,26.0,Freisinnig-Demokratische Partei der Schweiz -- Parti Radical-Democratique Suisse,lib,Liberal,8.0105,3.4159,6.4439,6.0,16.4,200.0
CHE,Switzerland,2015-10-18,2015-12-09,Bundesrat 2015,0,0,0,7.0,200,GPL-PVL,Grünliberale Partei der Schweiz – Parti Vert-Libéral,Green Liberal Party,2.5,40,995,1212,308.0,Gruenliberale Partei der Schweiz -- Parti Vert-Liberal,eco,Green/Ecologist,2.5,1.8,6.5,19.0,4.63,200.0
CHE,Switzerland,2015-10-18,2015-12-09,Bundesrat 2015,0,0,0,11.0,200,Grue,Grüne – Écologiste,Greens,1.6886,40,995,1212,141.0,Gruene -- Ecologiste,eco,Green/Ecologist,1.7263,1.0316,6.507,19.0,7.06,200.0
CHE,Switzerland,2015-10-18,2015-12-09,Bundesrat 2015,0,0,0,2.0,200,LdT,Lega dei Ticinesi,Ticino League,8.7,40,995,1212,1500.0,Lega dei Ticinesi,right,Right-wing,5.9,8.6,2.4,40.0,,200.0
CHE,Switzerland,2015-10-18,2015-12-09,Bundesrat 2015,0,0,0,1.0,200,MCR,Mouvement Citoyens Genevois,Geneva Citizens' Movement,8.7,40,995,1212,2599.0,Mouvement Citoyens Genevois,right,Right-wing,5.9,8.6,2.4,40.0,,200.0
CHE,Switzerland,2015-10-18,2015-12-09,Bundesrat 2015,0,0,0,1.0,200,PdA,Partei der Arbeit der Schweiz,Swiss Party of Labour,0.5263,40,995,1212,1167.0,Partei der Arbeit der Schweiz,com,Communist/Socialist,0.5835,1.6148,6.8893,14.0,0.86,200.0
CHE,Switzerland,2015-10-18,2015-12-09,Bundesrat 2015,0,1,0,43.0,200,SP-PS,Sozialdemokratische Partei der Schweiz – Parti Socialiste Suisse,Social Democratic Party of Switzerland,1.8319,40,995,1212,35.0,Sozialdemokratische Partei der Schweiz -- Parti Socialiste Suisse,soc,Social democracy,1.7579,1.2281,9.0614,11.0,18.84,200.0
CHE,Switzerland,2015-10-18,2015-12-09,Bundesrat 2015,0,1,0,65.0,200,SVP-UDC,Schweizerische Volkspartei – Union Démocratique du Centre,Swiss People's Party,7.3575,40,995,1212,750.0,Schweizerische Volkspartei -- Union Democratique du Centre,agr,Agrarian,8.9684,8.3385,0.6368,2.0,29.39,200.0
CHE,Switzerland,2015-10-18,2015-12-09,Bundesrat 2015,0,0,0,1.0,200,etc,others,others,,40,995,1212,2579.0,others,none,no family,,,,12.0,,200.0
CYP,Cyprus,2011-05-22,2014-03-14,Anastasiades II,0,0,0,19.0,56,AKEL,Anorthotikó Kómma Ergazómenou Laoú,Progressive Party of Working People,1.0526,51,701,1086,572.0,Anorthotikon Komma Ergazemenou Laou,com,Communist/Socialist,2.6316,6.1842,6.1842,14.0,32.67,56.0
CYP,Cyprus,2011-05-22,2014-03-14,Anastasiades II,0,0,0,9.0,56,DIKO,Dimokratikó Kómma,Democratic Party,5.1316,51,701,1086,851.0,Dimokratiko Komma,con,Conservative,4.0789,6.0526,8.0263,26.0,15.76,56.0
CYP,Cyprus,2011-05-22,2014-03-14,Anastasiades II,0,1,1,20.0,56,DISY,Dimokratikós Sinayermós,Democratic Rally,8.6842,51,701,1086,1575.0,Dimokratikos Synagermos,con,Conservative,7.3684,5.0,9.4737,26.0,34.28,56.0
CYP,Cyprus,2011-05-22,2014-03-14,Anastasiades II,0,0,0,5.0,56,EDEK,Kinima Sosialdimokraton EDEK,Movement for Social Democracy EDEK,3.2895,51,701,1086,945.0,Kinima Sosialdimokraton EDEK,soc,Social democracy,4.7368,5.9211,8.8158,11.0,8.93,56.0
CYP,Cyprus,2011-05-22,2014-03-14,Anastasiades II,0,1,0,2.0,56,EK,Evropaiko Komma,European Party,6.0,51,701,1086,491.0,Evropaiko Komma,lib,Liberal,6.7,3.5,8.7,6.0,3.88,56.0
CYP,Cyprus,2011-05-22,2014-03-14,Anastasiades II,0,0,0,1.0,56,KOP,Kinima Oikologoi Perivallontistoi,Ecological and Environmental Movement,5.7895,51,701,1086,1621.0,Kinima Oikologoi Perivallontistoi,eco,Green/Ecologist,5.5263,5.7895,7.5,19.0,2.21,56.0
CZE,Czech Republic,2013-10-25,2014-01-17,Sobotka,0,1,0,47.0,200,ANO,Akce nespokojených občanů,Action of Dissatisfied Citizens,6.0,68,805,1072,2263.0,Akce nespokojenych obcanu,lib,Liberal,6.7,3.5,8.7,6.0,18.65,200.0
CZE,Czech Republic,2013-10-25,2014-01-17,Sobotka,0,1,1,50.0,200,CSSD,Česká strana sociálně demokratická,Czech Social Democratic Party,3.0463,68,805,1072,789.0,Ceska strana socialne demokraticka,soc,Social democracy,3.0031,4.2463,8.5647,11.0,20.45,200.0
CZE,Czech Republic,2013-10-25,2014-01-17,Sobotka,0,1,0,14.0,200,KDU-CSL,Křesťanská a demokratická unie – Československá strana lidová,Christian Democratic Union -- People's Party,5.8099,68,805,1072,1245.0,Krest'anska a demokraticka unie -- Ceskoslovenska strana lidova,chr,Christian democracy,6.0784,7.9119,8.4535,3.0,6.78,200.0
CZE,Czech Republic,2013-10-25,2014-01-17,Sobotka,0,0,0,33.0,200,KSCM,Komunistická strana Cech a Moravy,Communist Party of Bohemia and Moravia,0.7498,68,805,1072,1173.0,Komunisticka strana Cech a Moravy,com,Communist/Socialist,1.2243,6.4265,2.4656,14.0,14.91,200.0
CZE,Czech Republic,2013-10-25,2014-01-17,Sobotka,0,0,0,16.0,200,ODS,Občanská demokratická strana,Civic Democratic Party,7.3637,68,805,1072,829.0,Obcanska demokraticka strana,con,Conservative,7.8985,4.0087,4.456,26.0,7.72,200.0
CZE,Czech Republic,2013-10-25,2014-01-17,Sobotka,0,0,0,5.0,200,STAN,Starostové a nezávislí,Mayors and Independents,,68,805,1072,2024.0,Starostove a nezavisli,spec,Special issue,,,,16.0,,200.0
CZE,Czech Republic,2013-10-25,2014-01-17,Sobotka,0,0,0,21.0,200,TOP09,Tradice Odpovědnost Prosperita 09,Tradition Responsibility Prosperity 09,7.4,68,805,1072,2.0,Tradice Odpovednost Prosperita 09,con,Conservative,6.4,6.9,7.8,26.0,11.99,200.0
CZE,Czech Republic,2013-10-25,2014-01-17,Sobotka,0,0,0,14.0,200,UPD,Úsvit přímé demokracie,Dawn of Direct Democracy,7.4,68,805,1072,2262.0,Usvit prime demokracie,con,Conservative,6.4,6.9,7.8,26.0,6.88,200.0
DEU,Germany,2013-09-22,2013-12-17,Merkel III,0,0,0,63.0,631,B90/Gru,Bündnis 90 / Die Grünen,Alliance 90 / Greens,2.9308,54,800,1071,772.0,Buendnis 90 / Die Gruenen,eco,Green/Ecologist,4.3268,1.3251,7.6101,19.0,8.4,631.0
DEU,Germany,2013-09-22,2013-12-17,Merkel III,0,1,1,311.0,631,CDU+CSU,Christlich Demokratische Union / Christlich Soziale Union,Christian Democratic Union / Christian Social Union,6.2503,54,800,1071,1727.0,Christlich Demokratische Union / Christlich Soziale Union,chr,Christian democracy,6.3498,6.9333,8.5024,3.0,,
DEU,Germany,2013-09-22,2013-12-17,Merkel III,0,0,0,56.0,631,CSU,Christlich Soziale Union,Christian Social Union,7.2871,54,800,1071,1180.0,Christlich Soziale Union,chr,Christian democracy,6.5615,7.8675,6.668,3.0,7.4,631.0
DEU,Germany,2013-09-22,2013-12-17,Merkel III,0,0,0,64.0,631,Li/PDS,Die Linke / PDS,The Left / PDS,1.2152,54,800,1071,791.0,Die Linke / PDS,com,Communist/Socialist,1.0617,3.205,4.3508,14.0,8.6,631.0
DEU,Germany,2013-09-22,2013-12-17,Merkel III,0,1,0,193.0,631,SPD,Sozialdemokratische Partei Deutschlands,Social Democratic Party of Germany,3.6451,54,800,1071,558.0,Sozialdemokratische Partei Deutschlands,soc,Social democracy,3.8443,3.9791,7.9318,11.0,25.7,631.0
DNK,Denmark,2015-06-18,2015-06-28,Rasmussen L II,0,0,0,9.0,179,A,Alternativet,The Alternative,2.5,21,976,1172,2567.0,Alternativet,eco,Green/Ecologist,2.5,1.8,6.5,19.0,4.68,179.0
DNK,Denmark,2015-06-18,2015-06-28,Rasmussen L II,0,0,0,37.0,179,DF,Dansk Folkeparti,Danish Peoples Party,8.2269,21,976,1172,1418.0,Dansk Folkeparti,right,Right-wing,5.7081,7.8954,1.183,40.0,20.58,179.0
DNK,Denmark,2015-06-18,2015-06-28,Rasmussen L II,0,0,0,14.0,179,En-O,Enhedslisten – De Rød-Grønne,Red-Green Alliance,0.8912,21,976,1172,306.0,Enhedslisten -- De Rod-Gronne,com,Communist/Socialist,1.2012,1.7524,0.9971,14.0,7.62,179.0
DNK,Denmark,2015-06-18,2015-06-28,Rasmussen L II,0,0,0,1.0,179,IA,Inuit Ataqatigiit,Community of the People,1.2,21,976,1172,1891.0,Inuit Ataqatigiit,com,Communist/Socialist,1.4,3.0,3.3,14.0,0.22,179.0
DNK,Denmark,2015-06-18,2015-06-28,Rasmussen L II,0,0,0,1.0,179,Jf,Javnaðarflokkurin,Social Democratic Party (Faroe Islands),3.3,21,976,1172,1894.0,Javnadarflokkurin,soc,Social democracy,3.5,3.5,8.1,11.0,0.16,179.0
DNK,Denmark,2015-06-18,2015-06-28,Rasmussen L II,0,0,0,6.0,179,KF,Konservative,Conservatives,7.2186,21,976,1172,590.0,Konservative,con,Conservative,7.2931,6.5055,7.7791,26.0,3.27,179.0
DNK,Denmark,2015-06-18,2015-06-28,Rasmussen L II,0,0,0,13.0,179,NLA,Ny-Liberal Alliance,New-Liberal Alliance,6.0,21,976,1172,376.0,Ny-Liberal Alliance,lib,Liberal,6.7,3.5,8.7,6.0,7.36,179.0
DNK,Denmark,2015-06-18,2015-06-28,Rasmussen L II,0,0,0,8.0,179,RV,Det Radikale Venstre,Danish Social Liberal Party,4.8736,21,976,1172,211.0,Det Radikale Venstre,lib,Liberal,5.318,2.3903,7.8594,6.0,4.47,179.0
DNK,Denmark,2015-06-18,2015-06-28,Rasmussen L II,0,0,0,7.0,179,SF,Socialistisk Folkeparti,Socialist Peoples Party,2.1347,21,976,1172,1644.0,Socialistisk Folkeparti,eco,Green/Ecologist,2.1035,2.1476,3.5917,19.0,4.09,179.0
DNK,Denmark,2015-06-18,2015-06-28,Rasmussen L II,0,0,0,47.0,179,Sd,Socialdemokraterne,Social Democrats,3.8011,21,976,1172,1629.0,Socialdemokraterne,soc,Social democracy,3.5292,4.2722,7.4311,11.0,25.66,179.0
DNK,Denmark,2015-06-18,2015-06-28,Rasmussen L II,0,0,0,1.0,179,Si,Siumut,Forward (Greenland),3.3,21,976,1172,74.0,Siumut,soc,Social democracy,3.5,3.5,8.1,11.0,0.22,179.0
DNK,Denmark,2015-06-18,2015-06-28,Rasmussen L II,0,0,0,1.0,179,T,Tjóðveldi,Republic (Faroe Islands),1.2,21,976,1172,2568.0,Tjodveldi,com,Communist/Socialist,1.4,3.0,3.3,14.0,0.16,179.0
DNK,Denmark,2015-06-18,2015-06-28,Rasmussen L II,0,1,1,34.0,179,V,Venstre,Liberal Party,7.292,21,976,1172,1605.0,Venstre,lib,Liberal,7.3696,4.9957,9.0268,6.0,19.01,179.0
ESP,Spain,2015-12-20,2015-12-20,Rajoy II,1,1,1,123.0,350,AP-P,Alianza-Partido Popular,People's Alliance-Party,7.5969,27,998,1421,645.0,Alianza-Partido Popular,con,Conservative,7.619,7.8127,7.7368,26.0,28.72,350.0
ESP,Spain,2015-12-20,2015-12-20,Rajoy II,1,0,0,40.0,350,C-PC,Ciudadanos – Partido de la Ciudadanía,Citizens -- Party of the Citizenry,3.3,27,998,1421,2375.0,Ciudadanos -- Partido de la Ciudadania,soc,Social democracy,3.5,3.5,8.1,11.0,13.93,350.0
ESP,Spain,2015-12-20,2015-12-20,Rajoy II,1,0,0,1.0,350,CC,Coalición Canaria,Canary Coalition,5.9789,27,998,1421,234.0,Coalicion Canaria,spec,Special issue,5.9,5.7694,8.0278,16.0,0.33,350.0
ESP,Spain,2015-12-20,2015-12-20,Rajoy II,1,0,0,8.0,350,CDC,Convergència Democràtica de Catalunya,Democratic Convergence of Catalonia,7.4,27,998,1421,2605.0,Convergencia Democratica de Catalunya,con,Conservative,6.4,6.9,7.8,26.0,2.25,350.0
ESP,Spain,2015-12-20,2015-12-20,Rajoy II,1,0,0,12.0,350,ECP,En Comú Podem,In Common We Can,1.2,27,998,1421,2606.0,En Comu Podem,com,Communist/Socialist,1.4,3.0,3.3,14.0,3.69,350.0
ESP,Spain,2015-12-20,2015-12-20,Rajoy II,1,0,0,2.0,350,EHB,Euskal Herria Bildu,Basque Country Unite,,27,998,1421,2603.0,Euskal Herria Bildu,spec,Special issue,,,,16.0,0.87,350.0
ESP,Spain,2015-12-20,2015-12-20,Rajoy II,1,0,0,6.0,350,EM,En Marea,In Tide,1.2,27,998,1421,2604.0,En Marea,com,Communist/Socialist,1.4,3.0,3.3,14.0,1.63,350.0
ESP,Spain,2015-12-20,2015-12-20,Rajoy II,1,0,0,9.0,350,ERC,Esquerra Republicana de Catalunya,Republican Left of Catalonia,3.1072,27,998,1421,757.0,Esquerra Republicana de Catalunya,spec,Special issue,2.9073,2.7325,7.0389,16.0,2.39,350.0
ESP,Spain,2015-12-20,2015-12-20,Rajoy II,1,0,0,9.0,350,EeM,Compromís-Podemos-És el Moment,It is time,1.2,27,998,1421,2607.0,Compromis-Podemos-Es el Moment,com,Communist/Socialist,1.4,3.0,3.3,14.0,2.67,350.0
ESP,Spain,2015-12-20,2015-12-20,Rajoy II,1,0,0,2.0,350,IU|PCE,Izquierda Unida | Partido Communista,United Left | Communist Party,2.0183,27,998,1421,118.0,Izquierda Unida | Partido Communista,com,Communist/Socialist,1.8937,1.7351,5.2186,14.0,3.67,350.0
ESP,Spain,2015-12-20,2015-12-20,Rajoy II,1,0,0,42.0,350,P,Podemos,We Can,1.2,27,998,1421,2376.0,Podemos,com,Communist/Socialist,1.4,3.0,3.3,14.0,12.67,350.0
ESP,Spain,2015-12-20,2015-12-20,Rajoy II,1,0,0,6.0,350,PNV,Partido Nacionalista Vasco – Euzko Alderdi Jeltzalea,Basque Nationalist Party,6.2144,27,998,1421,1361.0,Partido Nacionalista Vasco -- Euzko Alderdi Jeltzalea,chr,Christian democracy,5.7468,6.5139,7.8556,3.0,1.2,350.0
ESP,Spain,2015-12-20,2015-12-20,Rajoy II,1,0,0,90.0,350,PSOE,Partido Socialista Obrero Español,Spanish Socialist Workers Party,3.7377,27,998,1421,902.0,Partido Socialista Obrero Espanol,soc,Social democracy,4.0098,3.0399,9.129,11.0,22.01,350.0
EST,Estonia,2015-03-01,2015-04-09,Roivas II,0,0,0,27.0,101,EK,Eesti Keskerakond,Estonian Centre Party,3.9562,75,853,1160,1137.0,Eesti Keskerakond,soc,Social democracy,3.6421,4.9947,5.0118,11.0,24.81,101.0
EST,Estonia,2015-03-01,2015-04-09,Roivas II,0,0,0,7.0,101,ERa,Eestimaa Rahvalliit,People's Union of Estonia,4.5812,75,853,1160,417.0,Eestimaa Rahvalliit,con,Conservative,4.8509,6.9474,6.0627,26.0,8.15,101.0
EST,Estonia,2015-03-01,2015-04-09,Roivas II,0,1,1,30.0,101,ERe,Eesti Reformierakond,Estonian Reform Party,7.8969,75,853,1160,113.0,Eesti Reformierakond,lib,Liberal,8.6246,5.2737,8.5715,6.0,27.69,101.0
EST,Estonia,2015-03-01,2015-04-09,Roivas II,0,0,0,8.0,101,EV,Eesti Vabaerakond,Free Party,7.4,75,853,1160,2409.0,Eesti Vabaerakond,con,Conservative,6.4,6.9,7.8,26.0,8.69,101.0
EST,Estonia,2015-03-01,2015-04-09,Roivas II,0,1,0,14.0,101,IRL,Erakond Isamaa ja Res Publica Liit,Union of Pro Patria and Res Publica,8.4962,75,853,1160,1597.0,Erakond Isamaa ja Res Publica Liit,con,Conservative,8.2456,6.1053,9.2632,26.0,13.71,101.0
EST,Estonia,2015-03-01,2015-04-09,Roivas II,0,1,0,15.0,101,SDE|M,Sotsiaaldemokraatlik Erakond | Mõõdukad,Social Democratic Party | Moderates,4.1915,75,853,1160,1448.0,Sotsiaaldemokraatlik Erakond | Moodukad,soc,Social democracy,3.4667,3.1737,7.7982,11.0,15.19,101.0
FIN,Finland,2015-04-19,2015-05-29,Sipilae,0,0,0,12.0,200,DL|VAS,Demokraattinen Liitto – Demokratiska Förbundet | Vasemmistoliitto – Vänsterförbundet ,Democratic Union | Left Alliance,2.1843,67,855,1163,1292.0,Demokraattinen Liitto -- Demokratiska Forbundet | Vasemmistoliitto -- Vansterforbundet ,com,Communist/Socialist,1.8661,3.3406,5.165,14.0,7.13,200.0
FIN,Finland,2015-04-19,2015-05-29,Sipilae,0,0,0,5.0,200,KD,Kristillisdemokraatit – Kristdemokraterna,Christian Democrats,7.1884,67,855,1163,1463.0,Kristillisdemokraatit -- Kristdemokraterna,chr,Christian democracy,4.9438,8.3076,3.2103,3.0,3.54,200.0
FIN,Finland,2015-04-19,2015-05-29,Sipilae,0,1,1,49.0,200,KESK,Keskusta,Centre Party,5.8027,67,855,1163,94.0,Keskusta,agr,Agrarian,4.9349,7.2203,5.5267,2.0,21.1,200.0
FIN,Finland,2015-04-19,2015-05-29,Sipilae,0,1,0,37.0,200,KOK,Kansallinen Kokoomus – Samlingspartiet,National Coalition Party,7.2451,67,855,1163,1118.0,Kansallinen Kokoomus -- Samlingspartiet,con,Conservative,7.6408,5.5872,9.0846,26.0,18.2,200.0
FIN,Finland,2015-04-19,2015-05-29,Sipilae,0,0,0,9.0,200,RKP-SFP,Ruotsalainen Kansanpuolue – Svenska Folkepartiet i Finland,Swedish People's Party,6.3906,67,855,1163,585.0,Ruotsalainen Kansanpuolue -- Svenska Folkepartiet i Finland,lib,Liberal,6.7295,3.8385,8.5284,6.0,4.88,200.0
FIN,Finland,2015-04-19,2015-05-29,Sipilae,0,1,0,38.0,200,SP-P,Suomen Puolue – Perussuomalaiset,Finnish Party -- True Finns,6.6331,67,855,1163,200.0,Suomen Puolue -- Perussuomalaiset,agr,Agrarian,4.8745,7.999,1.0945,2.0,17.65,200.0
FIN,Finland,2015-04-19,2015-05-29,Sipilae,0,0,0,34.0,200,SSDP,Suomen Sosialidemokraattinen Puolue – Finlands Socialdemokratiska Parti,Social Democratic Party of Finland,3.5595,67,855,1163,395.0,Suomen Sosialidemokraattinen Puolue -- Finlands Socialdemokratiska Parti,soc,Social democracy,3.5454,4.2417,8.621,11.0,16.51,200.0
FIN,Finland,2015-04-19,2015-05-29,Sipilae,0,0,0,15.0,200,VIHR,Vihreä Liitto – Gröna Förbundet,Green League,3.6465,67,855,1163,1062.0,Vihrea Liitto -- Grona Forbundet,eco,Green/Ecologist,3.4279,2.2671,6.9709,19.0,8.53,200.0
FIN,Finland,2015-04-19,2015-05-29,Sipilae,0,0,0,1.0,200,one-seat,one seat,one seat,,67,855,1163,2413.0,one seat,none,no family,,,,12.0,0.56,200.0
FRA,France,2012-06-17,2016-02-11,Valls III,0,0,0,15.0,577,GDR,Gauche démocrate et républicaine,Democratic and Republican Left,1.2,43,782,1406,2272.0,Gauche democrate et republicaine,com,Communist/Socialist,1.4,3.0,3.3,14.0,,
FRA,France,2012-06-17,2016-02-11,Valls III,0,1,0,16.0,577,PRG,Parti radical de gauche,Radical Party of the Left,4.0813,43,782,1406,1492.0,Parti radical de gauche,soc,Social democracy,4.1676,4.2381,7.9361,11.0,1.65,577.0
FRA,France,2012-06-17,2016-02-11,Valls III,0,1,1,292.0,577,PS,Parti socialiste,Socialist Party,3.2493,43,782,1406,1539.0,Parti socialiste,soc,Social democracy,3.248,2.9367,7.9448,11.0,29.35,577.0
FRA,France,2012-06-17,2016-02-11,Valls III,0,0,0,30.0,577,UDI,Union des démocrates et indépendants,Union of Democrats and Independents,7.4,43,782,1406,2273.0,Union des democrates et independants,con,Conservative,6.4,6.9,7.8,26.0,,
FRA,France,2012-06-17,2016-02-11,Valls III,0,0,0,199.0,577,UMP,Union pour un mouvement populaire,Union for a Popular Movement,7.4997,43,782,1406,658.0,Union pour un mouvement populaire,con,Conservative,6.5934,7.1854,6.9862,26.0,27.12,577.0
FRA,France,2012-06-17,2016-02-11,Valls III,0,1,0,17.0,577,V,Les Verts,Greens,3.155,43,782,1406,873.0,Les Verts,eco,Green/Ecologist,2.8774,1.4772,6.4585,19.0,5.46,577.0
FRA,France,2012-06-17,2016-02-11,Valls III,0,0,0,8.0,577,none,sans étiquette,no party affiliation,,43,782,1406,947.0,sans etiquette,none,no family,,,,12.0,,
GBR,United Kingdom,2015-05-07,2016-07-13,May,0,1,1,331.0,650,Con,Conservatives,Conservatives,7.4261,44,856,1489,773.0,Conservatives,con,Conservative,7.5725,7.1901,2.3243,26.0,36.93,650.0
GBR,United Kingdom,2015-05-07,2016-07-13,May,0,0,0,8.0,650,DUP,Democratic Unionist Party,Democratic Unionist Party,7.4,44,856,1489,319.0,Democratic Unionist Party,con,Conservative,6.4,6.9,7.8,26.0,0.6,650.0
GBR,United Kingdom,2015-05-07,2016-07-13,May,0,0,0,1.0,650,GP,Green Party,Green Party,2.57,44,856,1489,467.0,Green Party,eco,Green/Ecologist,2.3775,2.0139,4.9858,19.0,3.77,650.0
GBR,United Kingdom,2015-05-07,2016-07-13,May,0,0,0,232.0,650,Lab,Labour Party,Labour,4.3562,44,856,1489,1556.0,Labour Party,soc,Social democracy,4.5741,4.2779,6.9923,11.0,30.46,650.0
GBR,United Kingdom,2015-05-07,2016-07-13,May,0,0,0,8.0,650,Lib,Liberals,Liberals,4.2875,44,856,1489,659.0,Liberals,lib,Liberal,4.1064,2.6109,9.2231,6.0,7.87,650.0
GBR,United Kingdom,2015-05-07,2016-07-13,May,0,0,0,3.0,650,Plaid,Plaid Cymru,Plaid Cymru,3.1183,44,856,1489,311.0,Plaid Cymru,spec,Special issue,2.6251,3.7107,7.8314,16.0,0.59,650.0
GBR,United Kingdom,2015-05-07,2016-07-13,May,0,0,0,3.0,650,SDLP,Social Democratic and Labour Party,Social Democratic and Labour Party,3.3,44,856,1489,1023.0,Social Democratic and Labour Party,soc,Social democracy,3.5,3.5,8.6667,11.0,0.33,650.0
GBR,United Kingdom,2015-05-07,2016-07-13,May,0,0,0,4.0,650,SF,Sinn Féin,Sinn Fein,1.2,44,856,1489,689.0,Sinn Fein,com,Communist/Socialist,1.4,3.0,3.3,14.0,0.57,650.0
GBR,United Kingdom,2015-05-07,2016-07-13,May,0,0,0,56.0,650,SNP,Scottish National Party – Pàrtaidh Nàiseanta na h-Alba,Scottish National Party,3.5871,44,856,1489,1284.0,Scottish National Party -- Partaidh Naiseanta na h-Alba,soc,Social democracy,3.0627,3.9623,7.8641,11.0,4.74,650.0
GBR,United Kingdom,2015-05-07,2016-07-13,May,0,0,0,1.0,650,UKIP,United Kingdom Independence Party,United Kingdom Independence Party,7.8429,44,856,1489,1272.0,United Kingdom Independence Party,right,Right-wing,8.0938,7.8507,0.0,40.0,12.65,650.0
GBR,United Kingdom,2015-05-07,2016-07-13,May,0,0,0,2.0,650,UUP,Ulster Unionist Party,Ulster Unionist Party,8.3,44,856,1489,1210.0,Ulster Unionist Party,con,Conservative,6.4,6.9,7.8,26.0,0.37,650.0
GBR,United Kingdom,2015-05-07,2016-07-13,May,0,0,0,1.0,650,one-seat,one seat,one seat,,44,856,1489,2296.0,one seat,none,no family,,,,12.0,0.54,650.0
GRC,Greece,2015-09-20,2015-09-21,Tsipras II,0,1,0,10.0,300,AE,Anexartitoi Ellines,Independent Greeks,8.7,41,992,1175,2091.0,Anexartitoi Ellines,right,Right-wing,5.9,8.6,2.4,40.0,3.69,300.0
GRC,Greece,2015-09-20,2015-09-21,Tsipras II,0,0,0,9.0,300,EK,Enosi Kentroon,Union of Centrists,3.3,41,992,1175,2165.0,Enosi Kentroon,soc,Social democracy,3.5,3.5,8.1,11.0,3.43,300.0
GRC,Greece,2015-09-20,2015-09-21,Tsipras II,0,0,0,15.0,300,KKE,Kommounistikó Kómma Elládas,Communist Party of Greece,1.253,41,992,1175,614.0,Kommunistiko Koma Ellados,com,Communist/Socialist,0.8404,5.1503,0.2722,14.0,5.55,300.0
GRC,Greece,2015-09-20,2015-09-21,Tsipras II,0,0,0,18.0,300,LS-CA,Laikos Syndesmos – Chrysi Avg,Peoples Association -- Golden Dawn,8.7,41,992,1175,2092.0,Laikos Syndesmos -- Chrysi Avg,right,Right-wing,5.9,8.6,2.4,40.0,6.99,300.0
GRC,Greece,2015-09-20,2015-09-21,Tsipras II,0,0,0,75.0,300,ND,Néa Đimokratía,New Democracy,6.7365,41,992,1175,47.0,Nea Dimokratia,chr,Christian democracy,6.9754,6.6712,8.9869,3.0,28.1,300.0
GRC,Greece,2015-09-20,2015-09-21,Tsipras II,0,0,0,17.0,300,PASOK,Panellinio Sosialistikó Kínima,Panhellenic Socialist Movement,4.4968,41,992,1175,1338.0,Panhellinio Socialistiko Kinema,soc,Social democracy,4.8797,3.6025,9.2535,11.0,6.28,300.0
GRC,Greece,2015-09-20,2015-09-21,Tsipras II,0,1,1,145.0,300,SYRIZA,Synaspismós Rizospastikís Aristerás,Coalition of the Radical Left,2.8947,41,992,1175,1592.0,Synaspismos Rizospastikis Aristeras,com,Communist/Socialist,2.9123,2.0066,7.1382,14.0,35.46,300.0
GRC,Greece,2015-09-20,2015-09-21,Tsipras II,0,0,0,11.0,300,TP,To Potami,The River,3.3,41,992,1175,2346.0,To Potami,soc,Social democracy,3.5,3.5,8.1,11.0,4.09,300.0
HRV,Croatia,2015-11-08,2016-01-22,Oreskovic,0,0,0,3.0,151,CL-LP,Hrvatski laburisti – Stranka rada,Croatian Labourists -- Labour Party,1.2,62,1001,1408,2182.0,Hrvatski laburisti -- Stranka rada,com,Communist/Socialist,1.4,3.0,3.3,14.0,0.3,151.0
HRV,Croatia,2015-11-08,2016-01-22,Oreskovic,0,0,0,2.0,151,HDSSB,Hrvatski demokratski savez Slavonije i Baranje,Croatian Democratic Alliance of Slavonia and Baranja,8.7,62,1001,1408,2135.0,Hrvatski demokratski savez Slavonije i Baranje,right,Right-wing,5.9,8.6,2.4,40.0,1.35,151.0
HRV,Croatia,2015-11-08,2016-01-22,Oreskovic,0,1,0,51.0,151,HDZ,Hrvatska demokratska zajednica,Croatian Democratic Union,7.1053,62,1001,1408,276.0,Hrvatska demokratska zajednica,chr,Christian democracy,5.7018,6.9298,7.1053,3.0,20.57,151.0
HRV,Croatia,2015-11-08,2016-01-22,Oreskovic,0,0,0,9.0,151,HNS,Hrvatska narodna stranka – Liberalni demokrati,Croatian People's Party -- Liberal Democrats,1.8421,62,1001,1408,1384.0,Hrvatska narodna stranka -- Liberalni demokrati,lib,Liberal,6.5789,1.7544,8.9474,6.0,3.71,151.0
HRV,Croatia,2015-11-08,2016-01-22,Oreskovic,0,0,0,2.0,151,HSLS,Hrvatska socijalno liberalna stranka,Croatian Social Liberal Party,7.193,62,1001,1408,1102.0,Hrvatska socijalno liberalna stranka,lib,Liberal,4.6491,5.5263,5.0877,6.0,0.33,151.0
HRV,Croatia,2015-11-08,2016-01-22,Oreskovic,0,0,0,3.0,151,HSP-AS,Hrvatska stranka prava dr. Ante Starčević,Croatian Party of Rights -- Dr. Ante Starcevic,8.7,62,1001,1408,2181.0,Hrvatska stranka prava dr. Ante Starcevic,right,Right-wing,5.9,8.6,2.4,40.0,0.49,151.0
HRV,Croatia,2015-11-08,2016-01-22,Oreskovic,0,0,0,1.0,151,HSS,Hrvatska seljačka stranka,Croatian Peasant Party,6.2281,62,1001,1408,1465.0,Hrvatska seljacka stranka,agr,Agrarian,4.2982,7.807,6.2281,2.0,1.59,151.0
HRV,Croatia,2015-11-08,2016-01-22,Oreskovic,0,0,0,2.0,151,HSU,Hrvatska stranka umirovljenika,Croatian Party of Pensioners,,62,1001,1408,2134.0,Hrvatska stranka umirovljenika,spec,Special issue,,,,16.0,0.49,151.0
HRV,Croatia,2015-11-08,2016-01-22,Oreskovic,0,0,0,1.0,151,Hrast,Hrvatski rast,Croatian Growth,6.2,62,1001,1408,2185.0,Hrvatski rast,chr,Christian democracy,5.7,7.2,8.3,3.0,0.39,151.0
HRV,Croatia,2015-11-08,2016-01-22,Oreskovic,0,0,0,3.0,151,IDS,Istarski demokratski sabor,Istrian Democratic Assembly,3.4211,62,1001,1408,1627.0,Istarski demokratski sabor,lib,Liberal,6.2281,2.5439,9.2105,6.0,1.86,151.0
HRV,Croatia,2015-11-08,2016-01-22,Oreskovic,0,0,0,2.0,151,MS,Međimurska stranka,Medimurje Party,8.7,62,1001,1408,2611.0,Medimurska stranka,right,Right-wing,5.9,8.6,2.4,40.0,,
HRV,Croatia,2015-11-08,2016-01-22,Oreskovic,0,1,0,19.0,151,Most,Most nezavisnih lista,Bridge of Independent Lists,7.4,62,1001,1408,2615.0,Most nezavisnih lista,con,Conservative,6.4,6.9,7.8,26.0,13.42,151.0
HRV,Croatia,2015-11-08,2016-01-22,Oreskovic,0,0,0,1.0,151,NS,Narodna stranka – Reformisti,People's Party -- Reformists ,6.0,62,1001,1408,2614.0,Narodna stranka -- Reformisti,lib,Liberal,6.7,3.5,8.7,6.0,1.54,151.0
HRV,Croatia,2015-11-08,2016-01-22,Oreskovic,0,0,0,3.0,151,SDSS,Samostalna demokratska srpska stranka, Independent Democratic Serb Party,3.3,62,1001,1408,2133.0,Samostalna demokratska srpska stranka,soc,Social democracy,3.5,3.5,8.1,11.0,,
HRV,Croatia,2015-11-08,2016-01-22,Oreskovic,0,0,0,42.0,151,SPH,Socijaldemokratska partija Hrvatske,Social Democratic Party of Croatia,3.2456,62,1001,1408,1493.0,Socijaldemokratska partija Hrvatske,soc,Social democracy,5.5263,2.3684,8.7719,11.0,17.88,151.0
HRV,Croatia,2015-11-08,2016-01-22,Oreskovic,0,0,0,1.0,151,ZiZi,Živi zid,Human Shield ,8.7,62,1001,1408,2612.0,Zivi zid,right,Right-wing,5.9,8.6,2.4,40.0,4.19,151.0
HRV,Croatia,2015-11-08,2016-01-22,Oreskovic,0,0,0,5.0,151,ethnic,ethnic,ethnic,,62,1001,1408,2192.0,ethnic,none,no family,,,,12.0,1.66,151.0
HRV,Croatia,2015-11-08,2016-01-22,Oreskovic,0,1,1,0.0,151,none,no party affiliation,no party affiliation,,62,1001,1408,2197.0,no party affiliation,none,no family,,,,12.0,,
HRV,Croatia,2015-11-08,2016-01-22,Oreskovic,0,0,0,1.0,151,one-seat,one seat,one seat,,62,1001,1408,2295.0,one seat,none,no family,,,,12.0,0.05,151.0
HUN,Hungary,2014-04-06,2014-05-10,Orban III,0,0,0,4.0,199,DK,Demokratikus Koalíció,Democratic Coalition,3.3,39,814,1104,1970.0,Demokratikus Koalicio,soc,Social democracy,3.5,3.5,8.1,11.0,,199.0
HUN,Hungary,2014-04-06,2014-05-10,Orban III,0,0,0,3.0,199,Egyutt,Együtt – A Korszakváltók Pártja,Together -- Party for a New Era,3.3,39,814,1104,2318.0,Egyutt -- A Korszakvaltok Partja,soc,Social democracy,3.5,3.5,8.1,11.0,,199.0
HUN,Hungary,2014-04-06,2014-05-10,Orban III,0,1,1,117.0,199,Fi-MPSz,Fidesz – Magyar Polgári Szövetség,Fidesz -- Hungarian Civic Union,6.5432,39,814,1104,921.0,Fidesz -- Magyar Polgari Szovetseg,con,Conservative,3.9949,7.5275,6.6143,26.0,,199.0
HUN,Hungary,2014-04-06,2014-05-10,Orban III,0,0,0,23.0,199,Jobbik,Jobbik Magyarországért Mozgalom,Jobbik Movement for a Better Hungary,8.7,39,814,1104,600.0,Jobbik Magyarorszagert Mozgalom,right,Right-wing,5.9,8.6,2.4,40.0,20.22,199.0
HUN,Hungary,2014-04-06,2014-05-10,Orban III,0,1,0,16.0,199,KDNP,Kereszténydemokrata Néppárt,Christian Democratic People's Party,7.4,39,814,1104,434.0,Keresztenydemokrata Neppart,chr,Christian democracy,2.17,8.33,5.8333,3.0,,199.0
HUN,Hungary,2014-04-06,2014-05-10,Orban III,0,0,0,5.0,199,LMP,Lehet Más a Politika,Politics Can Be Different,2.5,39,814,1104,403.0,Lehet Mas a Politika,eco,Green/Ecologist,2.5,1.8,6.5,19.0,5.34,199.0
HUN,Hungary,2014-04-06,2014-05-10,Orban III,0,0,0,29.0,199,MSZP,Magyar Szocialista Párt,Hungarian Socialist Party,2.8743,39,814,1104,1591.0,Magyar Szocialista Part,soc,Social democracy,5.5702,3.5897,9.6567,11.0,25.57,199.0
HUN,Hungary,2014-04-06,2014-05-10,Orban III,0,0,0,1.0,199,PM,Párbeszéd Magyarországért,Dialogue for Hungary,2.5,39,814,1104,2349.0,Parbeszed Magyarorszagert,eco,Green/Ecologist,2.5,1.8,6.5,19.0,,199.0
HUN,Hungary,2014-04-06,2014-05-10,Orban III,0,0,0,1.0,199,one-seat,one seat,one seat,,39,814,1104,952.0,one seat,none,no family,,,,12.0,,199.0
IRL,Ireland,2016-02-26,2016-05-06,Kenny II,0,0,0,3.0,157,DS,Daonlathaigh Shóisialta,Social Democrats ,3.3,37,1002,1484,2619.0,Daonlathaigh Shoisialta,soc,Social democracy,3.5,3.5,8.1,11.0,3.01,157.0
IRL,Ireland,2016-02-26,2016-05-06,Kenny II,0,0,0,44.0,157,FF,Fianna Fáil,Fianna Fail (Soldiers of Destiny),6.0713,37,1002,1484,280.0,Fianna Fail,con,Conservative,5.8991,6.9898,7.8389,26.0,24.35,157.0
IRL,Ireland,2016-02-26,2016-05-06,Kenny II,0,1,1,49.0,157,FG,Fine Gael,Fine Gael (Familiy of the Irish),6.4372,37,1002,1484,1393.0,Fine Gael,chr,Christian democracy,6.1603,5.787,9.1708,3.0,25.52,157.0
IRL,Ireland,2016-02-26,2016-05-06,Kenny II,0,0,0,2.0,157,Green,Green Party  – Comhaontas Glas,Green Party,2.435,37,1002,1484,1573.0,Green Party -- Comhaontas Glas,eco,Green/Ecologist,2.462,2.1754,3.0472,19.0,2.72,157.0
IRL,Ireland,2016-02-26,2016-05-06,Kenny II,0,0,0,6.0,157,IA,Independent Alliance,Independent Alliance,,37,1002,1484,2622.0,Independent Alliance,none,no family,,,,12.0,4.21,157.0
IRL,Ireland,2016-02-26,2016-05-06,Kenny II,0,0,0,4.0,157,IC,Independents 4 Change,Independents 4 Change,,37,1002,1484,2621.0,Independents 4 Change,none,no family,,,,12.0,1.47,157.0
IRL,Ireland,2016-02-26,2016-05-06,Kenny II,0,0,0,7.0,157,Lab,Labour Party,Labour Party,3.6252,37,1002,1484,318.0,Labour Party,soc,Social democracy,3.353,3.1071,7.1292,11.0,6.61,157.0
IRL,Ireland,2016-02-26,2016-05-06,Kenny II,0,0,0,23.0,157,SF,Sinn Féin,Sinn Fein,2.7935,37,1002,1484,2217.0,Sinn Fein,com,Communist/Socialist,2.0316,4.5005,3.3,14.0,13.85,157.0
IRL,Ireland,2016-02-26,2016-05-06,Kenny II,0,0,0,6.0,157,SP,Socialist Party,Socialist Party,1.2,37,1002,1484,1014.0,Socialist Party,com,Communist/Socialist,1.4,3.0,3.3,14.0,3.95,157.0
IRL,Ireland,2016-02-26,2016-05-06,Kenny II,0,0,0,12.0,157,none,no party affiliation,no party affiliation,,37,1002,1484,30.0,no party affiliation,none,no family,,,,12.0,11.14,157.0
IRL,Ireland,2016-02-26,2016-05-06,Kenny II,0,0,0,1.0,157,one-seat,one seat,one seat,,37,1002,1484,2298.0,one seat,none,no family,,,,12.0,0.35,157.0
ISL,Iceland,2013-04-27,2016-04-07,Johannsson,0,0,0,6.0,63,BF,Björt framtíð,Bright Future,6.0,56,798,1482,2204.0,Bjort framtid,lib,Liberal,6.7,3.5,8.7,6.0,8.25,63.0
ISL,Iceland,2013-04-27,2016-04-07,Johannsson,0,1,1,19.0,63,F,Framsóknarflokkurinn,Progressive Party,5.0365,56,798,1482,1455.0,Framsoknarflokkurinn,agr,Agrarian,5.6579,3.8596,5.4,2.0,24.43,63.0
ISL,Iceland,2013-04-27,2016-04-07,Johannsson,0,0,0,7.0,63,Graen,Vinstrihreyfingin – grænt framboð,Left-Green Movement,1.1842,56,798,1482,210.0,Vinstrihreyfingin -- graent frambod,eco,Green/Ecologist,1.4474,1.6667,6.5,19.0,10.87,63.0
ISL,Iceland,2013-04-27,2016-04-07,Johannsson,0,0,0,3.0,63,Pi,Pírata,Pirate Party,2.5,56,798,1482,2205.0,Pirata,eco,Green/Ecologist,2.5,1.8,6.5,19.0,5.1,63.0
ISL,Iceland,2013-04-27,2016-04-07,Johannsson,0,0,0,9.0,63,Sam,Samfylkingin,Social Democratic Alliance,4.0789,56,798,1482,1006.0,Samfylkingin,soc,Social democracy,4.2982,1.0088,8.1,11.0,12.85,63.0
ISL,Iceland,2013-04-27,2016-04-07,Johannsson,0,1,0,19.0,63,Sj,Sjálfstæðisflokkurinn,Independence Party,7.4854,56,798,1482,1342.0,Sjalfstaedisflokkurinn,con,Conservative,7.6316,4.0351,7.8,26.0,26.7,63.0
ITA,Italy,2013-02-25,2014-02-22,Renzi,0,0,0,6.0,617,CD,Centro Democratico, Democratic Centre,6.0,26,789,1079,2153.0,Centro Democratico,lib,Liberal,6.7,3.5,8.7,6.0,0.49,617.0
ITA,Italy,2013-02-25,2014-02-22,Renzi,0,0,0,68.0,617,FI-PdL,Forza Italia – Il Popolo della Libertà,Go Italy -- The People of Freedom,7.1459,26,789,1079,596.0,Forza Italia -- Il Popolo della Liberta,con,Conservative,7.913,6.5983,5.0946,26.0,21.56,617.0
ITA,Italy,2013-02-25,2014-02-22,Renzi,0,0,0,9.0,617,FdI-CN,Fratelli d'Italia – Centrodestra Nazionale,Brothers of Italy -- National Centre-right,7.4,26,789,1079,2154.0,Fratelli dItalia -- Centrodestra Nazionale,con,Conservative,6.4,6.9,7.8,26.0,1.95,617.0
ITA,Italy,2013-02-25,2014-02-22,Renzi,0,0,0,18.0,617,LN,Lega Nord,North League,7.8007,26,789,1079,1436.0,Lega Nord,right,Right-wing,7.9138,7.9003,3.2088,40.0,4.08,617.0
ITA,Italy,2013-02-25,2014-02-22,Renzi,0,0,0,108.0,617,M5S,Movimento 5 Stelle,Five Star Movement,2.5,26,789,1079,2155.0,Movimento 5 Stelle,eco,Green/Ecologist,2.5,1.8,6.5,19.0,25.55,617.0
ITA,Italy,2013-02-25,2014-02-22,Renzi,0,1,0,29.0,617,NCD,Nuovo Centrodestra,New Centre-Right,7.4,26,789,1079,2268.0,Nuovo Centrodestra,con,Conservative,6.4,6.9,7.8,26.0,,
ITA,Italy,2013-02-25,2014-02-22,Renzi,0,1,1,292.0,617,PD,Partito Democratico,Democratic Party,2.6216,26,789,1079,382.0,Partito Democratico,soc,Social democracy,2.9825,2.0943,7.834,11.0,25.42,617.0
ITA,Italy,2013-02-25,2014-02-22,Renzi,0,1,0,0.0,617,R,Radicali,Radicals,3.9732,26,789,1079,1296.0,Radicali,soc,Social democracy,7.0784,0.3338,8.2722,11.0,,
ITA,Italy,2013-02-25,2014-02-22,Renzi,0,1,0,37.0,617,SC,Scelta Civica,Civic Choice,6.0,26,789,1079,2156.0,Scelta Civica,lib,Liberal,6.7,3.5,8.7,6.0,8.3,617.0
ITA,Italy,2013-02-25,2014-02-22,Renzi,0,0,0,37.0,617,SL,Sinistra (Ecologia) Libertà,Left (Ecology) Freedom,1.2,26,789,1079,465.0,Sinistra (Ecologia) Liberta,com,Communist/Socialist,1.4,3.0,3.3,14.0,3.2,617.0
ITA,Italy,2013-02-25,2014-02-22,Renzi,0,0,0,5.0,617,SVP,Südtiroler Volkspartei,South Tyrol Peoples Party,5.4,26,789,1079,1030.0,Suedtiroler Volkspartei,spec,Special issue,5.085,6.9,7.6083,16.0,0.43,617.0
ITA,Italy,2013-02-25,2014-02-22,Renzi,0,1,0,8.0,617,UC,Unione / Centro,Union / Centre,6.1092,26,789,1079,226.0,Unione / Centro,chr,Christian democracy,5.1181,7.8038,7.128,3.0,1.78,617.0
LTU,Lithuania,2012-10-14,2012-11-22,Butkevicius,0,0,0,7.0,141,DK,Drąsos Kelias,The Way of Courage,,15,786,1042,2121.0,Drasos Kelias,spec,Special issue,,,,16.0,7.99,141.0
LTU,Lithuania,2012-10-14,2012-11-22,Butkevicius,0,1,0,29.0,141,DP,Darbo Partija,Labour Party,3.86,15,786,1042,581.0,Darbo Partija,lib,Liberal,4.29,5.8,8.5667,6.0,19.82,141.0
LTU,Lithuania,2012-10-14,2012-11-22,Butkevicius,0,1,0,8.0,141,LLRA,Lietuvos lenkų rinkimų akcija,Election Action of Lithuania's Poles,3.865,15,786,1042,28.0,Lietuvos lenku rinkimu akcija,spec,Special issue,3.9,7.325,7.4667,16.0,5.83,141.0
LTU,Lithuania,2012-10-14,2012-11-22,Butkevicius,0,0,0,10.0,141,LRLS,Lietuvos Respublikos Liberalų sąjūdis,Liberals Movement of the Republic of Lithuania,7.7562,15,786,1042,482.0,Lietuvos Respublikos Liberaly sajudis,lib,Liberal,8.2271,2.8532,9.2244,6.0,8.57,141.0
LTU,Lithuania,2012-10-14,2012-11-22,Butkevicius,0,1,1,37.0,141,LSDP,Lietuvos socialdemokratų partija,Lithuanian Social Democratic Party,3.1972,15,786,1042,1277.0,Lietuvos socialdemokratu partija,soc,Social democracy,3.8262,5.2732,9.0702,11.0,18.37,141.0
LTU,Lithuania,2012-10-14,2012-11-22,Butkevicius,0,0,0,1.0,141,LVLS,Lietuvos valstiečių sąjunga,Lithuanian Peasant Union,3.2687,15,786,1042,191.0,Lietuvos valstiecic sajunga,agr,Agrarian,3.7152,5.8514,5.2909,2.0,3.88,141.0
LTU,Lithuania,2012-10-14,2012-11-22,Butkevicius,0,0,0,33.0,141,TS-LK,Tėvynės Sąjunga,Homeland Union,7.4004,15,786,1042,1045.0,Tevynes Sajunga,con,Conservative,6.694,7.1939,9.7006,26.0,15.08,141.0
LTU,Lithuania,2012-10-14,2012-11-22,Butkevicius,0,1,0,11.0,141,TT-LDP,Tvarka ir teisingumas – Liberalų Demokratų Partija,Order and Justice -- Liberal Democratic Party,5.2955,15,786,1042,1421.0,Tvarka ir teisingumas -- Liberalu Demokratu Partija,con,Conservative,4.9093,7.2116,7.3184,26.0,7.31,141.0
LTU,Lithuania,2012-10-14,2012-11-22,Butkevicius,0,0,0,3.0,141,none,no party affiliation,no party affiliation,,15,786,1042,58.0,no party affiliation,none,no family,,,,12.0,,141.0
LUX,Luxembourg,2013-10-20,2013-12-04,Bettel,0,0,0,3.0,60,AR|ADR,Aktionskomitee Rente – Comité d’action pensions | Alternativ Demokratesch Reformpartei – Parti réformiste d'alternative démocratique,Action Committee Pensions | Alternative Democratic Reform Party,8.8158,7,803,1069,1582.0,Aktionskomitee Rente -- Comite d action pensions | Alternativ Demokratesch Reformpartei -- Parti reformiste d alternative democratique,con,Conservative,6.3158,7.5,2.5329,26.0,6.64,60.0
LUX,Luxembourg,2013-10-20,2013-12-04,Bettel,0,0,0,23.0,60,CSV,Chrëschtlech Sozial Vollekspartei – Parti populaire chrétien social – Christlich Soziale Volkspartei,Christian Social People's Party,6.4474,7,803,1069,1234.0,Chreschtlech Sozial Vollekspartei -- Parti populaire chretien social -- Christlich Soziale Volkspartei,chr,Christian democracy,6.7105,7.5,8.3952,3.0,33.68,60.0
LUX,Luxembourg,2013-10-20,2013-12-04,Bettel,0,0,0,2.0,60,DL,Déi Lénk – La Gauche – Die Linke,The Left,0.5263,7,803,1069,457.0,Dei Lenk -- La Gauche -- Die Linke,com,Communist/Socialist,0.8772,1.0526,0.8772,14.0,4.94,60.0
LUX,Luxembourg,2013-10-20,2013-12-04,Bettel,0,1,1,13.0,60,DP,Demokratesch Partei – Parti Démocratique – Demokratische Partei,Democratic Party,6.5789,7,803,1069,967.0,Demokratesch Partei -- Parti Democratique -- Demokratische Partei,lib,Liberal,7.3684,2.7632,7.2706,6.0,18.25,60.0
LUX,Luxembourg,2013-10-20,2013-12-04,Bettel,0,1,0,6.0,60,Greng,Déi Gréng – Les Verts – Die Grünen,The Greens,2.5,7,803,1069,310.0,Dei Greng -- Les Verts -- Die Gruenen,eco,Green/Ecologist,1.5789,0.7895,7.5,19.0,10.13,60.0
LUX,Luxembourg,2013-10-20,2013-12-04,Bettel,0,1,0,13.0,60,LSAP,Lëtzebuerger Sozialistesch Arbechterpartei – Parti Ouvrier Socialiste Luxembourgeois – Luxemburger Sozialistische Arbeiterpartei,Luxembourg Socialist Workers' Party,3.2895,7,803,1069,701.0,Letzebuerger Sozialistesch Arbechterpartei -- Parti Ouvrier Socialiste Luxembourgeois -- Luxemburger Sozialistische Arbeiterpartei,soc,Social democracy,3.9474,1.3158,8.1978,11.0,20.28,60.0
LVA,Latvia,2014-10-04,2016-02-11,Kucinskis,0,0,0,8.0,100,LRa,Latvijas Reģionu apvienība,Latvian Association of Regions,7.4,55,831,1407,2366.0,Latvijas Regionu apvieniba,con,Conservative,6.4,6.9,7.8,26.0,6.66,100.0
LVA,Latvia,2014-10-04,2016-02-11,Kucinskis,0,1,0,17.0,100,NA/TB/LNNK,Nacionālā apvienība / Tēvzemei un Brīvībai / LNNK,National Alliance / For Fatherland and Freedom / LNNK,8.2588,55,831,1407,521.0,Nacionala apvieniba / Tevzemei un Brivibai / LNNK,right,Right-wing,6.4433,7.4251,7.0102,40.0,16.61,100.0
LVA,Latvia,2014-10-04,2016-02-11,Kucinskis,0,0,0,7.0,100,NsL,No sirds Latvijai,For Latvia from the Heart,7.4,55,831,1407,2365.0,No sirds Latvijai,con,Conservative,6.4,6.9,7.8,26.0,6.85,100.0
LVA,Latvia,2014-10-04,2016-02-11,Kucinskis,0,0,0,24.0,100,S,Saskaņas,Harmony,3.0,55,831,1407,1100.0,Saskanas,soc,Social democracy,3.25,4.25,7.5,11.0,23.0,100.0
LVA,Latvia,2014-10-04,2016-02-11,Kucinskis,0,1,0,23.0,100,V,Vienotība,Unity,7.4,55,831,1407,1666.0,Vienotiba,con,Conservative,6.4,6.9,7.8,26.0,21.87,100.0
LVA,Latvia,2014-10-04,2016-02-11,Kucinskis,0,1,1,21.0,100,ZZS,Zaļo un Zemnieku savienība,Green and Farmers' Union,5.2632,55,831,1407,466.0,Zalo un Zemnieku savieniba,agr,Agrarian,5.3947,6.1184,6.7763,2.0,19.53,100.0
MLT,Malta,2013-03-09,2013-03-11,Muscat,0,1,1,39.0,69,MLP,Partit Laburista,Malta Labour Party,4.2105,72,790,1046,1003.0,Partit Laburista,soc,Social democracy,5.1128,6.3158,2.406,11.0,54.83,69.0
MLT,Malta,2013-03-09,2013-03-11,Muscat,0,0,0,30.0,69,PN,Partit Nazzjonalista,Nationalist Party,5.7143,72,790,1046,984.0,Partit Nazzjonalista,con,Conservative,4.6617,6.9173,9.3985,26.0,43.34,69.0
NLD,Netherlands,2012-09-12,2012-11-05,Rutte III,0,0,0,2.0,150,50+,50PLUS,50PLUS,6.0,8,785,1041,2109.0,50PLUS,lib,Liberal,6.7,3.5,8.7,6.0,1.88,150.0
NLD,Netherlands,2012-09-12,2012-11-05,Rutte III,0,0,0,13.0,150,CDA,Christen Democratisch Appèl,Christian Democratic Appeal,5.9376,8,785,1041,235.0,Christen Democratisch Appel,chr,Christian democracy,5.8848,6.6882,7.7157,3.0,8.51,150.0
NLD,Netherlands,2012-09-12,2012-11-05,Rutte III,0,0,0,5.0,150,CU,ChristenUnie – Staatkundig Gereformeerde Partij,ChristianUnion -- Reformed Political Party,6.1732,8,785,1041,1206.0,ChristenUnie -- Staatkundig Gereformeerde Partij,chr,Christian democracy,4.6769,8.6005,4.4157,3.0,3.13,150.0
NLD,Netherlands,2012-09-12,2012-11-05,Rutte III,0,0,0,12.0,150,D66,Democraten 66,Democrats 66,4.5066,8,785,1041,345.0,Democraten 66,lib,Liberal,4.9917,1.7625,8.6233,6.0,8.03,150.0
NLD,Netherlands,2012-09-12,2012-11-05,Rutte III,0,0,0,4.0,150,GL,GroenLinks,GreenLeft,2.0454,8,785,1041,756.0,GroenLinks,eco,Green/Ecologist,2.1108,1.644,6.1973,19.0,2.33,150.0
NLD,Netherlands,2012-09-12,2012-11-05,Rutte III,0,0,0,15.0,150,PVV,Partij voor de Vrijheid,Party for Freedom,8.8,8,785,1041,1501.0,Partij voor de Vrijheid,con,Conservative,8.29,6.57,0.9167,26.0,10.08,150.0
NLD,Netherlands,2012-09-12,2012-11-05,Rutte III,0,1,0,38.0,150,PvdA,Partij van de Arbeid,Labour Party,3.6118,8,785,1041,742.0,Partij van de Arbeid,soc,Social democracy,3.868,3.2028,7.9904,11.0,24.84,150.0
NLD,Netherlands,2012-09-12,2012-11-05,Rutte III,0,0,0,2.0,150,PvdD,Partij voor de Dieren,Party for the Animals,,8,785,1041,990.0,Partij voor de Dieren,spec,Special issue,,,,16.0,1.93,150.0
NLD,Netherlands,2012-09-12,2012-11-05,Rutte III,0,0,0,3.0,150,SGP,Staatkundig Gereformeerde Partij,Political Reformed Party,8.7531,8,785,1041,1251.0,Staatkundig Gereformeerde Partij,con,Conservative,6.3487,9.7744,2.9307,26.0,2.09,150.0
NLD,Netherlands,2012-09-12,2012-11-05,Rutte III,0,0,0,15.0,150,SP,Socialistiese Partij,Socialist Party,1.2146,8,785,1041,357.0,Socialistiese Partij,com,Communist/Socialist,1.0421,4.2099,2.5049,14.0,9.65,150.0
NLD,Netherlands,2012-09-12,2012-11-05,Rutte III,0,1,1,41.0,150,VVD,Volkspartij voor Vrijheid en Democratie,People's Party for Freedom and Democracy,7.3482,8,785,1041,1409.0,Volkspartij voor Vrijheid en Democratie,lib,Liberal,7.8979,4.3887,5.9471,6.0,26.58,150.0
NOR,Norway,2013-09-09,2013-10-16,Solberg,0,0,0,55.0,169,DNA,Det norske Arbeiderparti,Norwegian Labour Party,3.3706,9,801,1065,104.0,Det norske Arbeiderparti,soc,Social democracy,2.9574,2.7105,8.2933,11.0,30.8,169.0
NOR,Norway,2013-09-09,2013-10-16,Solberg,0,1,0,29.0,169,Fr,Fremskrittspartiet,Progress Party,8.7595,9,801,1065,351.0,Fremskrittspartiet,right,Right-wing,7.5,5.5388,6.119,40.0,16.3,169.0
NOR,Norway,2013-09-09,2013-10-16,Solberg,0,1,1,48.0,169,H,Høyre,Conservative Party,7.8994,9,801,1065,1435.0,Hoyre,con,Conservative,8.2957,3.584,9.5074,26.0,25.8,169.0
NOR,Norway,2013-09-09,2013-10-16,Solberg,0,0,0,10.0,169,KrF,Kristelig Folkeparti,Christian Democratic Party,5.8516,9,801,1065,1538.0,Kristelig Folkeparti,chr,Christian democracy,4.5865,9.198,3.1003,3.0,5.6,169.0
NOR,Norway,2013-09-09,2013-10-16,Solberg,0,0,0,1.0,169,MDG,Miljøpartiet De Grønne,Green Party,2.5,9,801,1065,2254.0,Miljopartiet De Gronne,eco,Green/Ecologist,2.5,1.8,6.5,19.0,2.8,169.0
NOR,Norway,2013-09-09,2013-10-16,Solberg,0,0,0,7.0,169,SV,Sosialistisk Venstreparti,Socialist Left Party,1.5839,9,801,1065,81.0,Sosialistisk Venstreparti,com,Communist/Socialist,1.3534,1.5038,1.1568,14.0,4.1,169.0
NOR,Norway,2013-09-09,2013-10-16,Solberg,0,0,0,10.0,169,Sp,Senterpartiet,Centre Party,4.6565,9,801,1065,702.0,Senterpartiet,agr,Agrarian,2.807,5.7644,0.188,2.0,5.5,169.0
NOR,Norway,2013-09-09,2013-10-16,Solberg,0,0,0,9.0,169,V,Venstre,Liberal Party of Norway,5.1467,9,801,1065,647.0,Venstre,lib,Liberal,5.9148,3.2581,4.0766,6.0,5.2,169.0
POL,Poland,2015-10-25,2015-11-16,Szydlo,0,0,0,42.0,460,K,Kukiz'15,Kukiz'15,8.7,74,996,1196,2600.0,Kukiz'15,right,Right-wing,5.9,8.6,2.4,40.0,8.81,460.0
POL,Poland,2015-10-25,2015-11-16,Szydlo,0,0,0,1.0,460,MN,Mniejszość niemiecka w Polsce,German minority,,74,996,1196,900.0,Mniejszosc niemiecka,spec,Special issue,,,,16.0,0.18,460.0
POL,Poland,2015-10-25,2015-11-16,Szydlo,0,0,0,28.0,460,N,Nowoczesna,Modern,6.0,74,996,1196,2601.0,Nowoczesna,lib,Liberal,6.7,3.5,8.7,6.0,7.6,460.0
POL,Poland,2015-10-25,2015-11-16,Szydlo,0,0,0,138.0,460,PO,Platforma Obywatelska,Civic Platform,6.2355,74,996,1196,512.0,Platforma Obywatelska,con,Conservative,8.236,3.7102,9.3705,26.0,24.09,460.0
POL,Poland,2015-10-25,2015-11-16,Szydlo,0,0,0,16.0,460,PSL,Polskie Stronnictwo Ludowe,Polish People's Party,4.1856,74,996,1196,664.0,Polskie Stronnictwo Ludowe,agr,Agrarian,2.8942,6.5491,5.3573,2.0,5.13,460.0
POL,Poland,2015-10-25,2015-11-16,Szydlo,0,1,1,235.0,460,PiS,Prawo i Sprawiedliwość,Law and Justice,7.6997,74,996,1196,528.0,Prawo i Sprawiedliwosc,con,Conservative,4.0466,8.2514,5.4813,26.0,37.58,460.0
PRT,Portugal,2015-10-04,2015-11-26,Costa,0,0,0,19.0,230,BE,Bloco de Esquerda,Bloc of the Left,1.6425,63,993,1198,557.0,Bloco de Esquerda,com,Communist/Socialist,1.9526,1.267,3.7018,14.0,10.58,230.0
PRT,Portugal,2015-10-04,2015-11-26,Costa,0,0,0,17.0,230,CDU,Coligação Democrático Unitária,Unified Democratic Coalition,2.2233,63,993,1198,1295.0,Coligacao Democratico Unitaria,com,Communist/Socialist,1.48,2.6433,3.2,14.0,8.56,230.0
PRT,Portugal,2015-10-04,2015-11-26,Costa,0,0,0,1.0,230,PAN,Partido pelos Animais e pela Natureza,Party for Animals and Nature,2.5,63,993,1198,1781.0,Partido pelos Animais e pela Natureza,eco,Green/Ecologist,2.5,1.8,6.5,19.0,1.44,230.0
PRT,Portugal,2015-10-04,2015-11-26,Costa,0,1,1,86.0,230,PS,Partido Socialista,Socialist Party,4.0492,63,993,1198,725.0,Partido Socialista,soc,Social democracy,4.2716,3.5411,9.2233,11.0,33.57,230.0
PRT,Portugal,2015-10-04,2015-11-26,Costa,0,0,0,107.0,230,PSD,Partido Social Democrata,Social Democratic Party,6.2949,63,993,1198,1273.0,Partido Social Democrata,lib,Liberal,6.8488,7.0224,8.4691,6.0,39.84,230.0
ROU,Romania,2012-12-09,2015-11-10,Ciolos,1,0,0,22.0,412,LRP,Partidul Liberal Reformator,Liberal Reformist Party,6.0,23,787,1197,2401.0,Partidul Liberal Reformator,lib,Liberal,6.7,3.5,8.7,6.0,,
ROU,Romania,2012-12-09,2015-11-10,Ciolos,1,0,0,13.0,412,PC,Partidul Conservator,Conservative Party,4.7622,23,787,1197,5.0,Partidul Conservator,con,Conservative,4.7538,6.2779,8.2028,26.0,,412.0
ROU,Romania,2012-12-09,2015-11-10,Ciolos,1,0,0,56.0,412,PD-L,Partidul Democrat-Liberal,Democratic Liberal Party,5.3875,23,787,1197,958.0,Partidul Democrat-Liberal,lib,Liberal,5.1868,3.9647,9.5309,6.0,16.51,412.0
ROU,Romania,2012-12-09,2015-11-10,Ciolos,1,0,0,78.0,412,PNL,Partidul Naţional Liberal,National Liberal Party,6.0543,23,787,1197,1015.0,Partidul National Liberal,lib,Liberal,7.245,3.5474,9.6079,6.0,,412.0
ROU,Romania,2012-12-09,2015-11-10,Ciolos,1,0,0,47.0,412,PP-DD,Partidul Poporului – Dan Diaconescu,People's Party -- Dan Diaconescu,1.2,23,787,1197,2130.0,Partidul Poporului -- Dan Diaconescu,com,Communist/Socialist,1.4,3.0,3.3,14.0,13.99,412.0
ROU,Romania,2012-12-09,2015-11-10,Ciolos,1,0,0,160.0,412,PSD,Partidul Social Democrat,Social Democratic Party,3.2325,23,787,1197,1120.0,Partidul Social Democrat,soc,Social democracy,2.4518,6.2794,8.6459,11.0,58.63,412.0
ROU,Romania,2012-12-09,2015-11-10,Ciolos,1,0,0,18.0,412,UDMR,Uniunea Democrată Maghiară din România,Democratic Union of Hungarians in Romania,6.016,23,787,1197,948.0,Uniunea Democratica Maghiara din Romania,con,Conservative,5.9825,3.8813,9.4801,26.0,5.13,412.0
ROU,Romania,2012-12-09,2015-11-10,Ciolos,1,0,0,18.0,412,etnice,Partidele minorităţilor etnice din România,Romanian ethnic minorities parties,,23,787,1197,425.0,Partidele minoritatilor etnice din Romania,none,no family,,,,12.0,,412.0
ROU,Romania,2012-12-09,2015-11-10,Ciolos,1,1,1,0.0,412,none,no party affiliation,no party affiliation,,23,787,1197,761.0,no party affiliation,none,no family,,,,12.0,,
SVK,Slovakia,2016-03-06,2016-03-23,Fico III,0,0,0,14.0,150,LsNS,Ľudová strana Naše Slovensko,People's Party Our Slovakia,8.7,1,1003,1483,586.0,Ludova strana Nase Slovensko,right,Right-wing,5.9,8.6,2.4,40.0,8.04,150.0
SVK,Slovakia,2016-03-06,2016-03-23,Fico III,0,1,0,11.0,150,MH,Most-Híd,Most-Hid,7.4,1,1003,1483,1620.0,Most-Hid,con,Conservative,6.4,6.9,7.8,26.0,6.5,150.0
SVK,Slovakia,2016-03-06,2016-03-23,Fico III,0,0,0,19.0,150,OLaNO,Obyčajní ľudia a nezávislé osobnosti,Ordinary People and Independent,7.4,1,1003,1483,1759.0,Obycajni ludia a nezavisle osobnosti,con,Conservative,6.4,6.9,7.8,26.0,11.03,150.0
SVK,Slovakia,2016-03-06,2016-03-23,Fico III,0,1,0,10.0,150,S,Sieť,Network,7.4,1,1003,1483,2624.0,Siet,con,Conservative,6.4,6.9,7.8,26.0,5.61,150.0
SVK,Slovakia,2016-03-06,2016-03-23,Fico III,0,1,0,15.0,150,SNS,Slovenská národná strana,Slovak National Party,7.0198,1,1003,1483,1072.0,Slovenska narodna strana,right,Right-wing,4.5191,8.46,3.838,40.0,8.64,150.0
SVK,Slovakia,2016-03-06,2016-03-23,Fico III,0,0,0,11.0,150,SR,Sme Rodina – Boris Kollár,We are family -- Boris Kollar,8.7,1,1003,1483,2623.0,Sme Rodina -- Boris Kollar,right,Right-wing,5.9,8.6,2.4,40.0,6.63,150.0
SVK,Slovakia,2016-03-06,2016-03-23,Fico III,0,0,0,21.0,150,SaS,Sloboda a solidarita,Freedom and Solidarity,6.0,1,1003,1483,1460.0,Sloboda a solidarita,lib,Liberal,6.7,3.5,8.7,6.0,12.1,150.0
SVK,Slovakia,2016-03-06,2016-03-23,Fico III,0,1,1,49.0,150,Smer,Smer – sociálna demokracia,Direction -- Social Democracy,3.3799,1,1003,1483,220.0,Smer -- socialna demokracia,soc,Social democracy,3.5124,3.6548,7.1697,11.0,28.28,150.0
SVN,Slovenia,2014-07-13,2014-08-25,Cerar,0,1,0,10.0,90,DeSUS,Demokratična stranka upokojencev Slovenije,Democratic Party of Pensioners of Slovenia,3.2292,60,817,1144,1587.0,Demokraticna stranka upokojencev Slovenije,spec,Special issue,3.225,5.0708,7.0936,16.0,10.18,90.0
SVN,Slovenia,2014-07-13,2014-08-25,Cerar,0,0,0,1.0,90,Ita,Italijanska narodna skupnost,Italian national community,,60,817,1144,199.0,Italijanska narodna skupnost,spec,Special issue,,,,16.0,,90.0
SVN,Slovenia,2014-07-13,2014-08-25,Cerar,0,0,0,1.0,90,Mad,Madžarska narodna skupnost,Hungarian national community,,60,817,1144,65.0,Madzarska narodna skupnost,spec,Special issue,,,,16.0,,90.0
SVN,Slovenia,2014-07-13,2014-08-25,Cerar,0,0,0,5.0,90,NSI,Nova Slovenija – Krščanska ljudska stranka,New Slovenia -- Christian People's Party,7.9345,60,817,1144,1047.0,Nova Slovenija -- Krscanska ljudska stranka,chr,Christian democracy,5.9719,8.3998,8.4866,3.0,5.59,90.0
SVN,Slovenia,2014-07-13,2014-08-25,Cerar,0,0,0,21.0,90,SDS,Slovenska demokratska stranka,Slovenian Democratic Party,6.9996,60,817,1144,179.0,Slovenska demokratska stranka,soc,Social democracy,5.6339,6.7947,8.804,11.0,20.71,90.0
SVN,Slovenia,2014-07-13,2014-08-25,Cerar,0,1,1,36.0,90,SMC,Stranka Mira Cerarja,Party of Miro Cerar,3.3,60,817,1144,2333.0,Stranka Mira Cerarja,soc,Social democracy,3.5,3.5,8.1,11.0,34.49,90.0
SVN,Slovenia,2014-07-13,2014-08-25,Cerar,0,1,0,6.0,90,ZL-SD,Združena lista – Socialni demokrati,United List -- Social Democrats,3.0637,60,817,1144,706.0,Zdruzena lista -- Socialni demokrati,soc,Social democracy,3.8001,2.9642,8.1513,11.0,5.98,90.0
SVN,Slovenia,2014-07-13,2014-08-25,Cerar,0,0,0,4.0,90,ZaAB,Zavezništvo Alenke Bratušek,Alliance of Alenka Bratusek,3.3,60,817,1144,2337.0,Zaveznistvo Alenke Bratusek,soc,Social democracy,3.5,3.5,8.1,11.0,4.38,90.0
SVN,Slovenia,2014-07-13,2014-08-25,Cerar,0,0,0,6.0,90,ZdLe,Združena levica,United Left,1.2,60,817,1144,2334.0,Zdruzena levica,com,Communist/Socialist,1.4,3.0,3.3,14.0,5.97,90.0
SWE,Sweden,2014-09-14,2014-10-02,Lofven,0,0,0,22.0,349,C,Centerpartiet,Centre Party,5.8084,35,828,1149,1461.0,Centerpartiet,agr,Agrarian,5.9903,6.0583,5.5679,2.0,6.11,349.0
SWE,Sweden,2014-09-14,2014-10-02,Lofven,0,0,0,19.0,349,FP,Folkpartiet,People's Party,6.2906,35,828,1149,892.0,Folkpartiet,lib,Liberal,7.3062,2.8515,9.4643,6.0,5.42,349.0
SWE,Sweden,2014-09-14,2014-10-02,Lofven,0,0,0,16.0,349,KD,Kristdemokraterna,Christian Democrats,7.195,35,828,1149,282.0,Kristdemokraterna,chr,Christian democracy,6.7938,7.9997,7.8597,3.0,4.57,349.0
SWE,Sweden,2014-09-14,2014-10-02,Lofven,0,0,0,84.0,349,M,Moderaterna,Moderate Party,7.8907,35,828,1149,657.0,Moderaterna,con,Conservative,8.4089,5.6977,8.5872,26.0,23.33,349.0
SWE,Sweden,2014-09-14,2014-10-02,Lofven,0,1,0,25.0,349,MP,Miljöpartiet de Gröna,Greens,3.3789,35,828,1149,1154.0,Miljopartiet de Grona,eco,Green/Ecologist,3.3866,2.5198,0.9875,19.0,6.89,349.0
SWE,Sweden,2014-09-14,2014-10-02,Lofven,0,1,1,113.0,349,SAP,Socialdemokraterna,Social Democrats,3.4447,35,828,1149,904.0,Socialdemokraterna,soc,Social democracy,3.5655,4.4407,7.4445,11.0,31.01,349.0
SWE,Sweden,2014-09-14,2014-10-02,Lofven,0,0,0,49.0,349,SD,Sverigedemokraterna,Sweden Democrats,8.7,35,828,1149,1546.0,Sverigedemokraterna,right,Right-wing,5.9,8.6,2.4,40.0,12.86,349.0
SWE,Sweden,2014-09-14,2014-10-02,Lofven,0,0,0,21.0,349,V,Vänsterpartiet (kommunisterna),Left Party (Communists),1.5464,35,828,1149,882.0,Vansterpartiet (kommunisterna),com,Communist/Socialist,1.4121,2.4562,1.2042,14.0,5.72,349.0
TUR,Turkey,2015-11-01,2016-05-24,Yildirim,0,1,1,317.0,550,AKP,Adalet ve Kalkınma Partisi,Justice and Development Party,6.9873,20,997,1487,901.0,Adalet ve Kalkinma Partisi,con,Conservative,3.797,8.499,8.6278,26.0,49.5,550.0
TUR,Turkey,2015-11-01,2016-05-24,Yildirim,0,0,0,59.0,550,HDP,Halkların Demokratik Partisi,Peoples' Democratic Party,1.2,20,997,1487,2572.0,Halklarin Demokratik Partisi,com,Communist/Socialist,1.4,3.0,3.3,14.0,10.76,550.0
TUR,Turkey,2015-11-01,2016-05-24,Yildirim,0,0,0,40.0,550,MHP,Milliyetçi Hareket Partisi,National Action Party,8.6587,20,997,1487,408.0,Milliyetci Hareket Partisi,right,Right-wing,4.0081,9.4332,2.0078,40.0,11.9,550.0
TUR,Turkey,2015-11-01,2016-05-24,Yildirim,0,0,0,134.0,550,SHP|CHP,Sosyal Demokrat Halçi Parti | Cumhuriyet Halk Partisi,Social Democratic Populist Party | Republican People's Party,3.2661,20,997,1487,507.0,Sosyal Demokrat Halci Parti | Cumhuriyet Halk Partisi,soc,Social democracy,2.8138,4.6154,7.3887,11.0,25.32,550.0
