country_name_short,country_name,election_type,election_date,vote_share,seats,seats_total,party_name_short,party_name,party_name_english,left_right,country_id,election_id,previous_parliament_election_id,previous_cabinet_id,party_id,party_name_ascii,family_name_short,family_name,state_market,liberty_authority,eu_anti_pro,family_id
AUT,Austria,parliament,2013-09-29,26.8,52.0,183,SPO,Sozialdemokratische Partei Österreichs,Social Democratic Party of Austria,3.7293,59,802,607.0,268.0,973,Sozialdemokratische Partei Oesterreichs,soc,Social democracy,3.4728,3.4766,8.4495,11
AUT,Austria,parliament,2013-09-29,24.0,47.0,183,OVP,Österreichische Volkspartei,Austrian People's Party,6.4733,59,802,607.0,268.0,1013,Oesterreichische Volkspartei,chr,Christian democracy,6.9485,7.6198,8.8451,3
AUT,Austria,parliament,2013-09-29,20.5,40.0,183,FPO,Freiheitliche Partei Österreichs,Freedom Party of Austria,8.3494,59,802,607.0,268.0,50,Freiheitliche Partei Oesterreichs,right,Right-wing,6.3291,8.5149,1.9815,40
AUT,Austria,parliament,2013-09-29,12.4,24.0,183,Gruene,Die Grünen – Die Grüne Alternative,The Greens -- The Green Alternative,2.4604,59,802,607.0,268.0,1429,Die Gruenen -- Die Gruene Alternative,eco,Green/Ecologist,2.7489,1.4308,6.6845,19
AUT,Austria,parliament,2013-09-29,5.7,11.0,183,TS,Team Stronach,Team Stronach,6.0,59,802,607.0,268.0,2150,Team Stronach,lib,Liberal,6.7,3.5,8.7,6
AUT,Austria,parliament,2013-09-29,5.0,9.0,183,NEOS,NEOS – Das Neue Österreich,NEOS -- The New Austria,6.0,59,802,607.0,268.0,2255,NEOS -- Das Neue Oesterreich,lib,Liberal,6.7,3.5,8.7,6
AUT,Austria,parliament,2013-09-29,3.5,0.0,183,BZO,Bündnis Zukunft Österreich,Alliance for the Future of Austria,8.83,59,802,607.0,268.0,1536,Buendnis Zukunft Oesterreich,right,Right-wing,6.0,8.83,2.5,40
AUT,Austria,parliament,2013-09-29,1.0,0.0,183,KPO,Kommunistische Partei Österreichs,Communist Party of Austria,0.5,59,802,607.0,268.0,769,Kommunistische Partei Oesterreichs,com,Communist/Socialist,1.4,3.0,0.0,14
BEL,Belgium,parliament,2014-05-25,20.26,33.0,150,N-VA,Nieuw-Vlaamse Alliantie,New Flemish Alliance,6.5321,64,816,486.0,987.0,501,Nieuw-Vlaamse Alliantie,con,Conservative,5.8809,6.06,6.4243,26
BEL,Belgium,parliament,2014-05-25,11.67,23.0,150,PS,Parti Socialiste,Francophone Socialist Party,2.9307,64,816,486.0,987.0,1378,Parti Socialiste,soc,Social democracy,2.5938,3.1712,8.1465,11
BEL,Belgium,parliament,2014-05-25,9.64,20.0,150,MR,Mouvement Réformateur,Reformist Movement,6.6889,64,816,486.0,987.0,915,Mouvement Reformateur,lib,Liberal,7.1934,4.2102,8.3003,6
BEL,Belgium,parliament,2014-05-25,11.61,18.0,150,CVP,Christelijke Volkspartij,Flemish Christian Peoples Party,5.7667,64,816,486.0,987.0,723,Christelijke Volkspartij,chr,Christian democracy,5.5876,7.2083,8.9013,3
BEL,Belgium,parliament,2014-05-25,9.78,14.0,150,PVV|VLD,Partij voor Vrijheid en Vooruitgang | Vlaamse Liberalen en Democraten,Party of Liberty and Progress | Flemish Liberals and Democrats,7.0053,64,816,486.0,987.0,1110,Partij voor Vrijheid en Vooruitgang | Vlaamse Liberalen en Democraten,lib,Liberal,7.7639,3.7139,8.7549,6
BEL,Belgium,parliament,2014-05-25,8.83,13.0,150,SP,Socialistische Partij,Socialist Party,3.2459,64,816,486.0,987.0,1029,Socialistische Partij,soc,Social democracy,3.0183,3.0805,7.9023,11
BEL,Belgium,parliament,2014-05-25,4.98,9.0,150,PSC-CDH,Parti Social Chrétien – Centre Democrate Humaniste,Francophone Christian Social Party -- Humanist Democratic Centre,5.4974,64,816,486.0,987.0,1192,Parti Social Chretien -- Centre Democrate Humaniste,chr,Christian democracy,5.3711,6.6409,8.7795,3
BEL,Belgium,parliament,2014-05-25,5.32,6.0,150,AGL-Gr,Agalev – Groen,Agalev -- Green,2.5762,64,816,486.0,987.0,1594,Agalev -- Groen,eco,Green/Ecologist,2.0089,1.0234,7.2593,19
BEL,Belgium,parliament,2014-05-25,3.3,6.0,150,Ecolo,Écologistes Confédérés pour l'organisation de luttes originales,Confederated ecologists for the organisation of original struggles,2.641,64,816,486.0,987.0,161,Ecologistes Confederes pour l'organisation de luttes originales,eco,Green/Ecologist,2.3887,1.3744,7.5411,19
BEL,Belgium,parliament,2014-05-25,3.67,3.0,150,VB,Vlaams Blok,Flemish Block,9.6622,64,816,486.0,987.0,993,Vlaams Blok,right,Right-wing,7.695,9.5234,2.756,40
BEL,Belgium,parliament,2014-05-25,3.72,2.0,150,PA-PTB,Partij van de Arbeid – Parti du Travail de Belgique,Workers' Party of Belgium,1.2,64,816,486.0,987.0,256,Partij van de Arbeid -- Parti du Travail de Belgique,com,Communist/Socialist,1.4,3.0,3.3,14
BEL,Belgium,parliament,2014-05-25,1.8,2.0,150,FDF,Front Démocratique des Francophones,Francophone Democratic Front,6.1259,64,816,486.0,987.0,969,Front Democratique des Francophones,lib,Liberal,6.25,5.8,8.7274,6
BEL,Belgium,parliament,2014-05-25,1.52,1.0,150,Pp,Parti populaire,People's Party,7.4,64,816,486.0,987.0,438,Parti populaire,con,Conservative,6.4,6.9,7.8,26
BEL,Belgium,parliament,2014-05-25,0.86,0.0,150,DLB,Debout Les Belges!,"Belgians, Rise Up!",8.7,64,816,486.0,987.0,2368,Debout Les Belges!,right,Right-wing,5.9,8.6,2.4,40
BGR,Bulgaria,parliament,2014-10-05,32.67,84.0,240,GERB,Grazhdani za Evropeysko Razvitie na Balgariya,Citizens for European Development of Bulgaria,7.4,10,840,799.0,1139.0,1541,Grazhdani za Evropeysko Razvitie na Balgariya,con,Conservative,6.4,6.9,7.8,26
BGR,Bulgaria,parliament,2014-10-05,15.4,39.0,240,KzB|DL,Koalitsiya za Balgariya | Demokratichna Levitsa,Coalition for Bulgaria | Democratic Left,2.8982,10,840,799.0,1139.0,1160,Koalitsiya za Balgariya | Demokratichna Levitsa,soc,Social democracy,2.9629,5.741,8.6402,11
BGR,Bulgaria,parliament,2014-10-05,14.84,38.0,240,DPS,Dvizhenie za Prava i Svobodi,Movement for Rights and Freedoms,4.5828,10,840,799.0,1139.0,1286,Dvizhenie za Prava i Svobodi,lib,Liberal,4.413,6.229,9.0094,6
BGR,Bulgaria,parliament,2014-10-05,8.89,23.0,240,RB,Reformatorski Blok,Reformist Bloc,7.4,10,840,799.0,1139.0,2363,Reformatorski Blok,con,Conservative,6.4,6.9,7.8,26
BGR,Bulgaria,parliament,2014-10-05,7.28,19.0,240,NFSB,Natsionalen Front za Spasenie na Balgariya,National Front for the Salvation of Bulgaria,8.7,10,840,799.0,1139.0,2211,Natsionalen Front za Spasenie na Balgariya,right,Right-wing,5.9,8.6,2.4,40
BGR,Bulgaria,parliament,2014-10-05,5.69,15.0,240,BBZ,Balgarija bes Zensura,Bulgaria Without Censorship,7.4,10,840,799.0,1139.0,2362,Balgarija bes Zensura,con,Conservative,6.4,6.9,7.8,26
BGR,Bulgaria,parliament,2014-10-05,4.52,11.0,240,Ataka,Ataka,Attack,5.46,10,840,799.0,1139.0,535,Ataka,right,Right-wing,3.25,9.17,2.4333,40
BGR,Bulgaria,parliament,2014-10-05,4.15,11.0,240,ABV,Alternativa za balgarsko vazrazhdane,Alternative for Bulgarian Revival,3.3,10,840,799.0,1139.0,2364,Alternativa za balgarsko vazrazhdane,soc,Social democracy,3.5,3.5,8.1,11
BGR,Bulgaria,parliament,2014-10-05,1.19,0.0,240,D21,Dvizhenie 21,Movement 21,3.3,10,840,799.0,1139.0,2379,Dvizhenie 21,soc,Social democracy,3.5,3.5,8.1,11
BGR,Bulgaria,parliament,2014-10-05,1.14,0.0,240,GN,Glas Naroden,People's Voice,,10,840,799.0,1139.0,2214,Glas Naroden,spec,Special issue,,,,16
CHE,Switzerland,parliament,2015-10-18,29.39,65.0,200,SVP-UDC,Schweizerische Volkspartei – Union Démocratique du Centre,Swiss People's Party,7.3575,40,995,779.0,989.0,750,Schweizerische Volkspartei -- Union Democratique du Centre,agr,Agrarian,8.9684,8.3385,0.6368,2
CHE,Switzerland,parliament,2015-10-18,18.84,43.0,200,SP-PS,Sozialdemokratische Partei der Schweiz – Parti Socialiste Suisse,Social Democratic Party of Switzerland,1.8319,40,995,779.0,989.0,35,Sozialdemokratische Partei der Schweiz -- Parti Socialiste Suisse,soc,Social democracy,1.7579,1.2281,9.0614,11
CHE,Switzerland,parliament,2015-10-18,16.4,33.0,200,FDP-PRD,Freisinnig-Demokratische Partei der Schweiz – Parti Radical-Democratique Suisse,Radical Democratic Party,6.3249,40,995,779.0,989.0,26,Freisinnig-Demokratische Partei der Schweiz -- Parti Radical-Democratique Suisse,lib,Liberal,8.0105,3.4159,6.4439,6
CHE,Switzerland,parliament,2015-10-18,11.65,27.0,200,CVP-PDC,Christlichdemokratische Volkspartei – Parti démocrate–chrétien,Conservative Peoples Party,4.7288,40,995,779.0,989.0,531,Christlichdemokratische Volkspartei -- Parti democrate--chretien,chr,Christian democracy,5.6421,7.1414,6.3386,3
CHE,Switzerland,parliament,2015-10-18,7.06,11.0,200,Grue,Grüne – Écologiste,Greens,1.6886,40,995,779.0,989.0,141,Gruene -- Ecologiste,eco,Green/Ecologist,1.7263,1.0316,6.507,19
CHE,Switzerland,parliament,2015-10-18,4.63,7.0,200,GPL-PVL,Grünliberale Partei der Schweiz – Parti Vert-Libéral,Green Liberal Party,2.5,40,995,779.0,989.0,308,Gruenliberale Partei der Schweiz -- Parti Vert-Liberal,eco,Green/Ecologist,2.5,1.8,6.5,19
CHE,Switzerland,parliament,2015-10-18,4.1,7.0,200,BDP,Bürgerlich–Demokratische Partei (BDP) Graubünden,Conservative Democratic Party of Switzerland,7.4,40,995,779.0,989.0,1213,Buergerlich--Demokratische Partei (BDP) Graubuenden,con,Conservative,6.4,6.9,7.8,26
CHE,Switzerland,parliament,2015-10-18,2.1,2.0,200,EVP-PEP,Evangelische Volkspartei der Schweiz – Parti Populaire Evangelique Suisse,Protestant Peoples Party,4.9248,40,995,779.0,989.0,602,Evangelische Volkspartei der Schweiz -- Parti Populaire Evangelique Suisse,chr,Christian democracy,4.4498,7.5812,5.0504,3
CHE,Switzerland,parliament,2015-10-18,,2.0,200,LdT,Lega dei Ticinesi,Ticino League,8.7,40,995,779.0,989.0,1500,Lega dei Ticinesi,right,Right-wing,5.9,8.6,2.4,40
CHE,Switzerland,parliament,2015-10-18,0.86,1.0,200,PdA,Partei der Arbeit der Schweiz,Swiss Party of Labour,0.5263,40,995,779.0,989.0,1167,Partei der Arbeit der Schweiz,com,Communist/Socialist,0.5835,1.6148,6.8893,14
CHE,Switzerland,parliament,2015-10-18,,1.0,200,etc,others,others,,40,995,779.0,989.0,2579,others,none,no family,,,,12
CHE,Switzerland,parliament,2015-10-18,,1.0,200,MCR,Mouvement Citoyens Genevois,Geneva Citizens' Movement,8.7,40,995,779.0,989.0,2599,Mouvement Citoyens Genevois,right,Right-wing,5.9,8.6,2.4,40
CHE,Switzerland,parliament,2015-10-18,,0.0,200,EDU-UDF,Eidgenössisch-Demokratische Union – Union Démocratique Fédérale,Federal Democratic Union of Switzerland,8.6579,40,995,779.0,989.0,1318,Eidgenoessisch-Demokratische Union -- Union Democratique Federale,con,Conservative,6.3816,9.4247,0.9868,26
CYP,Cyprus,parliament,2016-05-22,30.69,18.0,56,DISY,Dimokratikós Sinayermós,Democratic Rally,8.6842,51,1004,701.0,1086.0,1575,Dimokratikos Synagermos,con,Conservative,7.3684,5.0,9.4737,26
CYP,Cyprus,parliament,2016-05-22,25.67,16.0,56,AKEL,Anorthotikó Kómma Ergazómenou Laoú,Progressive Party of Working People,1.0526,51,1004,701.0,1086.0,572,Anorthotikon Komma Ergazemenou Laou,com,Communist/Socialist,2.6316,6.1842,6.1842,14
CYP,Cyprus,parliament,2016-05-22,14.49,9.0,56,DIKO,Dimokratikó Kómma,Democratic Party,5.1316,51,1004,701.0,1086.0,851,Dimokratiko Komma,con,Conservative,4.0789,6.0526,8.0263,26
CYP,Cyprus,parliament,2016-05-22,6.18,3.0,56,EDEK,Kinima Sosialdimokraton EDEK,Movement for Social Democracy EDEK,3.2895,51,1004,701.0,1086.0,945,Kinima Sosialdimokraton EDEK,soc,Social democracy,4.7368,5.9211,8.8158,11
CYP,Cyprus,parliament,2016-05-22,6.01,3.0,56,SYM,Symmaxia,Citizen's Alliance,3.3,51,1004,701.0,1086.0,2341,Symmaxia,soc,Social democracy,3.5,3.5,8.1,11
CYP,Cyprus,parliament,2016-05-22,5.24,3.0,56,KINHMA,Kinima Allileggiis,Solidarity Movement,8.7,51,1004,701.0,1086.0,2626,Kinima Allileggiis,right,Right-wing,5.9,8.6,2.4,40
CYP,Cyprus,parliament,2016-05-22,4.81,2.0,56,KOP,Kinima Oikologoi Perivallontistoi,Ecological and Environmental Movement,5.7895,51,1004,701.0,1086.0,1621,Kinima Oikologoi Perivallontistoi,eco,Green/Ecologist,5.5263,5.7895,7.5,19
CYP,Cyprus,parliament,2016-05-22,3.71,2.0,56,ELAM,Ethniko Laiko Metopo,National Popular Front,8.7,51,1004,701.0,1086.0,1768,Ethniko Laiko Metopo,right,Right-wing,5.9,8.6,2.4,40
CYP,Cyprus,parliament,2016-05-22,1.16,0.0,56,KGTZTK,Kinima gia ta zoa tis Kiprou,Animal Party Cyprus,,51,1004,701.0,1086.0,2627,Kinima gia ta zoa tis Kiprou,spec,Special issue,,,,16
CZE,Czech Republic,parliament,2013-10-25,20.45,50.0,200,CSSD,Česká strana sociálně demokratická,Czech Social Democratic Party,3.0463,68,805,599.0,1062.0,789,Ceska strana socialne demokraticka,soc,Social democracy,3.0031,4.2463,8.5647,11
CZE,Czech Republic,parliament,2013-10-25,18.65,47.0,200,ANO,Akce nespokojených občanů,Action of Dissatisfied Citizens,6.0,68,805,599.0,1062.0,2263,Akce nespokojenych obcanu,lib,Liberal,6.7,3.5,8.7,6
CZE,Czech Republic,parliament,2013-10-25,14.91,33.0,200,KSCM,Komunistická strana Cech a Moravy,Communist Party of Bohemia and Moravia,0.7498,68,805,599.0,1062.0,1173,Komunisticka strana Cech a Moravy,com,Communist/Socialist,1.2243,6.4265,2.4656,14
CZE,Czech Republic,parliament,2013-10-25,11.99,21.0,200,TOP09,Tradice Odpovědnost Prosperita 09,Tradition Responsibility Prosperity 09,7.4,68,805,599.0,1062.0,2,Tradice Odpovednost Prosperita 09,con,Conservative,6.4,6.9,7.8,26
CZE,Czech Republic,parliament,2013-10-25,7.72,16.0,200,ODS,Občanská demokratická strana,Civic Democratic Party,7.3637,68,805,599.0,1062.0,829,Obcanska demokraticka strana,con,Conservative,7.8985,4.0087,4.456,26
CZE,Czech Republic,parliament,2013-10-25,6.78,14.0,200,KDU-CSL,Křesťanská a demokratická unie – Československá strana lidová,Christian Democratic Union -- People's Party,5.8099,68,805,599.0,1062.0,1245,Krest'anska a demokraticka unie -- Ceskoslovenska strana lidova,chr,Christian democracy,6.0784,7.9119,8.4535,3
CZE,Czech Republic,parliament,2013-10-25,6.88,14.0,200,UPD,Úsvit přímé demokracie,Dawn of Direct Democracy,7.4,68,805,599.0,1062.0,2262,Usvit prime demokracie,con,Conservative,6.4,6.9,7.8,26
CZE,Czech Republic,parliament,2013-10-25,,5.0,200,STAN,Starostové a nezávislí,Mayors and Independents,,68,805,599.0,1062.0,2024,Starostove a nezavisli,spec,Special issue,,,,16
CZE,Czech Republic,parliament,2013-10-25,2.46,0.0,200,SSO,Strana svobodných občanů,Party of Free Citizens,7.4,68,805,599.0,1062.0,363,Strana svobodnych obcanu,con,Conservative,6.4,6.9,7.8,26
CZE,Czech Republic,parliament,2013-10-25,2.66,0.0,200,Pi,Ceska piratska strana,Czech Pirate Party,,68,805,599.0,1062.0,2261,Ceska piratska strana,spec,Special issue,,,,16
CZE,Czech Republic,parliament,2013-10-25,1.51,0.0,200,SPOZ,Strana práv občanů – Zemanovci,Party of Civic Rights -- Zemanovci,3.3,68,805,599.0,1062.0,406,Strana prav obcanu -- Zemanovci,soc,Social democracy,3.5,3.5,8.1,11
CZE,Czech Republic,parliament,2013-10-25,3.19,0.0,200,SZ,Strana zelených,Green Party,4.123,68,805,599.0,1062.0,196,Strana zelenych,eco,Green/Ecologist,3.8917,1.8596,7.8505,19
DEU,Germany,parliament,2013-09-22,34.1,255.0,631,CDU,Christlich Demokratische Union,Christian Democratic Union,6.2503,54,800,93.0,472.0,808,Christlich Demokratische Union,chr,Christian democracy,6.3498,6.9333,8.5024,3
DEU,Germany,parliament,2013-09-22,25.7,193.0,631,SPD,Sozialdemokratische Partei Deutschlands,Social Democratic Party of Germany,3.6451,54,800,93.0,472.0,558,Sozialdemokratische Partei Deutschlands,soc,Social democracy,3.8443,3.9791,7.9318,11
DEU,Germany,parliament,2013-09-22,8.6,64.0,631,Li/PDS,Die Linke / PDS,The Left / PDS,1.2152,54,800,93.0,472.0,791,Die Linke / PDS,com,Communist/Socialist,1.0617,3.205,4.3508,14
DEU,Germany,parliament,2013-09-22,8.4,63.0,631,B90/Gru,Bündnis 90 / Die Grünen,Alliance 90 / Greens,2.9308,54,800,93.0,472.0,772,Buendnis 90 / Die Gruenen,eco,Green/Ecologist,4.3268,1.3251,7.6101,19
DEU,Germany,parliament,2013-09-22,7.4,56.0,631,CSU,Christlich Soziale Union,Christian Social Union,7.2871,54,800,93.0,472.0,1180,Christlich Soziale Union,chr,Christian democracy,6.5615,7.8675,6.668,3
DEU,Germany,parliament,2013-09-22,4.8,0.0,631,FDP,Freie Demokratische Partei,Free Democratic Party,5.9233,54,800,93.0,472.0,543,Freie Demokratische Partei,lib,Liberal,8.2173,3.0695,8.4855,6
DEU,Germany,parliament,2013-09-22,2.2,0.0,631,Pi,Piratenpartei Deutschland,German Pirate Party,,54,800,93.0,472.0,865,Piratenpartei Deutschland,spec,Special issue,,,,16
DEU,Germany,parliament,2013-09-22,1.3,0.0,631,NPD,Nationaldemokratische Partei Deutschlands,National Democratic Party,9.8246,54,800,93.0,472.0,1537,Nationaldemokratische Partei Deutschlands,right,Right-wing,4.2105,9.4219,0.7989,40
DEU,Germany,parliament,2013-09-22,4.7,0.0,631,AfD,Alternative für Deutschland,Alternative for Germany,8.7,54,800,93.0,472.0,2253,Alternative fuer Deutschland,right,Right-wing,5.9,8.6,2.4,40
DNK,Denmark,parliament,2015-06-18,25.66,47.0,179,Sd,Socialdemokraterne,Social Democrats,3.8011,21,976,722.0,1074.0,1629,Socialdemokraterne,soc,Social democracy,3.5292,4.2722,7.4311,11
DNK,Denmark,parliament,2015-06-18,20.58,37.0,179,DF,Dansk Folkeparti,Danish Peoples Party,8.2269,21,976,722.0,1074.0,1418,Dansk Folkeparti,right,Right-wing,5.7081,7.8954,1.183,40
DNK,Denmark,parliament,2015-06-18,19.01,34.0,179,V,Venstre,Liberal Party,7.292,21,976,722.0,1074.0,1605,Venstre,lib,Liberal,7.3696,4.9957,9.0268,6
DNK,Denmark,parliament,2015-06-18,7.62,14.0,179,En-O,Enhedslisten – De Rød-Grønne,Red-Green Alliance,0.8912,21,976,722.0,1074.0,306,Enhedslisten -- De Rod-Gronne,com,Communist/Socialist,1.2012,1.7524,0.9971,14
DNK,Denmark,parliament,2015-06-18,7.36,13.0,179,NLA,Ny-Liberal Alliance,New-Liberal Alliance,6.0,21,976,722.0,1074.0,376,Ny-Liberal Alliance,lib,Liberal,6.7,3.5,8.7,6
DNK,Denmark,parliament,2015-06-18,4.68,9.0,179,A,Alternativet,The Alternative,2.5,21,976,722.0,1074.0,2567,Alternativet,eco,Green/Ecologist,2.5,1.8,6.5,19
DNK,Denmark,parliament,2015-06-18,4.47,8.0,179,RV,Det Radikale Venstre,Danish Social Liberal Party,4.8736,21,976,722.0,1074.0,211,Det Radikale Venstre,lib,Liberal,5.318,2.3903,7.8594,6
DNK,Denmark,parliament,2015-06-18,4.09,7.0,179,SF,Socialistisk Folkeparti,Socialist Peoples Party,2.1347,21,976,722.0,1074.0,1644,Socialistisk Folkeparti,eco,Green/Ecologist,2.1035,2.1476,3.5917,19
DNK,Denmark,parliament,2015-06-18,3.27,6.0,179,KF,Konservative,Conservatives,7.2186,21,976,722.0,1074.0,590,Konservative,con,Conservative,7.2931,6.5055,7.7791,26
DNK,Denmark,parliament,2015-06-18,0.22,1.0,179,IA,Inuit Ataqatigiit,Community of the People,1.2,21,976,722.0,1074.0,1891,Inuit Ataqatigiit,com,Communist/Socialist,1.4,3.0,3.3,14
DNK,Denmark,parliament,2015-06-18,0.22,1.0,179,Si,Siumut,Forward (Greenland),3.3,21,976,722.0,1074.0,74,Siumut,soc,Social democracy,3.5,3.5,8.1,11
DNK,Denmark,parliament,2015-06-18,0.16,1.0,179,T,Tjóðveldi,Republic (Faroe Islands),1.2,21,976,722.0,1074.0,2568,Tjodveldi,com,Communist/Socialist,1.4,3.0,3.3,14
DNK,Denmark,parliament,2015-06-18,0.16,1.0,179,Jf,Javnaðarflokkurin,Social Democratic Party (Faroe Islands),3.3,21,976,722.0,1074.0,1894,Javnadarflokkurin,soc,Social democracy,3.5,3.5,8.1,11
DNK,Denmark,parliament,2015-06-18,0.81,0.0,179,KrF,Kristeligt Folkeparti,Christian People's Party,5.6982,21,976,722.0,1074.0,1331,Kristeligt Folkeparti,chr,Christian democracy,5.0887,7.0474,5.8301,3
ESP,Spain,parliament,2016-06-26,33.03,137.0,350,AP-P,Alianza-Partido Popular,People's Alliance-Party,7.5969,27,1005,998.0,1421.0,645,Alianza-Partido Popular,con,Conservative,7.619,7.8127,7.7368,26
ESP,Spain,parliament,2016-06-26,22.66,85.0,350,PSOE,Partido Socialista Obrero Español,Spanish Socialist Workers Party,3.7377,27,1005,998.0,1421.0,902,Partido Socialista Obrero Espanol,soc,Social democracy,4.0098,3.0399,9.129,11
ESP,Spain,parliament,2016-06-26,13.37,45.0,350,P,Podemos,We Can,1.2,27,1005,998.0,1421.0,2376,Podemos,com,Communist/Socialist,1.4,3.0,3.3,14
ESP,Spain,parliament,2016-06-26,13.05,32.0,350,C-PC,Ciudadanos – Partido de la Ciudadanía,Citizens -- Party of the Citizenry,3.3,27,1005,998.0,1421.0,2375,Ciudadanos -- Partido de la Ciudadania,soc,Social democracy,3.5,3.5,8.1,11
ESP,Spain,parliament,2016-06-26,3.55,12.0,350,ECP,En Comú Podem,In Common We Can,1.2,27,1005,998.0,1421.0,2606,En Comu Podem,com,Communist/Socialist,1.4,3.0,3.3,14
ESP,Spain,parliament,2016-06-26,2.74,9.0,350,EeM,Compromís-Podemos-És el Moment,It is time,1.2,27,1005,998.0,1421.0,2607,Compromis-Podemos-Es el Moment,com,Communist/Socialist,1.4,3.0,3.3,14
ESP,Spain,parliament,2016-06-26,2.63,9.0,350,ERC,Esquerra Republicana de Catalunya,Republican Left of Catalonia,3.1072,27,1005,998.0,1421.0,757,Esquerra Republicana de Catalunya,spec,Special issue,2.9073,2.7325,7.0389,16
ESP,Spain,parliament,2016-06-26,2.01,8.0,350,CDC,Convergència Democràtica de Catalunya,Democratic Convergence of Catalonia,7.4,27,1005,998.0,1421.0,2605,Convergencia Democratica de Catalunya,con,Conservative,6.4,6.9,7.8,26
ESP,Spain,parliament,2016-06-26,1.44,5.0,350,EM,En Marea,In Tide,1.2,27,1005,998.0,1421.0,2604,En Marea,com,Communist/Socialist,1.4,3.0,3.3,14
ESP,Spain,parliament,2016-06-26,1.2,5.0,350,PNV,Partido Nacionalista Vasco – Euzko Alderdi Jeltzalea,Basque Nationalist Party,6.2144,27,1005,998.0,1421.0,1361,Partido Nacionalista Vasco -- Euzko Alderdi Jeltzalea,chr,Christian democracy,5.7468,6.5139,7.8556,3
ESP,Spain,parliament,2016-06-26,0.77,2.0,350,EHB,Euskal Herria Bildu,Basque Country Unite,,27,1005,998.0,1421.0,2603,Euskal Herria Bildu,spec,Special issue,,,,16
ESP,Spain,parliament,2016-06-26,0.33,1.0,350,CC,Coalición Canaria,Canary Coalition,5.9789,27,1005,998.0,1421.0,234,Coalicion Canaria,spec,Special issue,5.9,5.7694,8.0278,16
ESP,Spain,parliament,2016-06-26,1.19,0.0,350,PACMA,Partido Animalista Contra el Maltrato Animal,Animalist Party Against Mistreatment to Animals,,27,1005,998.0,1421.0,2381,Partido Animalista Contra el Maltrato Animal,spec,Special issue,,,,16
EST,Estonia,parliament,2015-03-01,27.69,30.0,101,ERe,Eesti Reformierakond,Estonian Reform Party,7.8969,75,853,699.0,1095.0,113,Eesti Reformierakond,lib,Liberal,8.6246,5.2737,8.5715,6
EST,Estonia,parliament,2015-03-01,24.81,27.0,101,EK,Eesti Keskerakond,Estonian Centre Party,3.9562,75,853,699.0,1095.0,1137,Eesti Keskerakond,soc,Social democracy,3.6421,4.9947,5.0118,11
EST,Estonia,parliament,2015-03-01,15.19,15.0,101,SDE|M,Sotsiaaldemokraatlik Erakond | Mõõdukad,Social Democratic Party | Moderates,4.1915,75,853,699.0,1095.0,1448,Sotsiaaldemokraatlik Erakond | Moodukad,soc,Social democracy,3.4667,3.1737,7.7982,11
EST,Estonia,parliament,2015-03-01,13.71,14.0,101,IRL,Erakond Isamaa ja Res Publica Liit,Union of Pro Patria and Res Publica,8.4962,75,853,699.0,1095.0,1597,Erakond Isamaa ja Res Publica Liit,con,Conservative,8.2456,6.1053,9.2632,26
EST,Estonia,parliament,2015-03-01,8.69,8.0,101,EV,Eesti Vabaerakond,Free Party,7.4,75,853,699.0,1095.0,2409,Eesti Vabaerakond,con,Conservative,6.4,6.9,7.8,26
EST,Estonia,parliament,2015-03-01,8.15,7.0,101,ERa,Eestimaa Rahvalliit,People's Union of Estonia,4.5812,75,853,699.0,1095.0,417,Eestimaa Rahvalliit,con,Conservative,4.8509,6.9474,6.0627,26
EST,Estonia,parliament,2015-03-01,0.9,0.0,101,EER,Erakonna Eestimaa Rohelised,Estonian Greens,5.5556,75,853,699.0,1095.0,219,Erakonna Eestimaa Rohelised,eco,Green/Ecologist,2.5,1.8,6.5,19
FIN,Finland,parliament,2015-04-19,21.1,49.0,200,KESK,Keskusta,Centre Party,5.8027,67,855,700.0,1145.0,94,Keskusta,agr,Agrarian,4.9349,7.2203,5.5267,2
FIN,Finland,parliament,2015-04-19,17.65,38.0,200,SP-P,Suomen Puolue – Perussuomalaiset,Finnish Party -- True Finns,6.6331,67,855,700.0,1145.0,200,Suomen Puolue -- Perussuomalaiset,agr,Agrarian,4.8745,7.999,1.0945,2
FIN,Finland,parliament,2015-04-19,18.2,37.0,200,KOK,Kansallinen Kokoomus – Samlingspartiet,National Coalition Party,7.2451,67,855,700.0,1145.0,1118,Kansallinen Kokoomus -- Samlingspartiet,con,Conservative,7.6408,5.5872,9.0846,26
FIN,Finland,parliament,2015-04-19,16.51,34.0,200,SSDP,Suomen Sosialidemokraattinen Puolue – Finlands Socialdemokratiska Parti,Social Democratic Party of Finland,3.5595,67,855,700.0,1145.0,395,Suomen Sosialidemokraattinen Puolue -- Finlands Socialdemokratiska Parti,soc,Social democracy,3.5454,4.2417,8.621,11
FIN,Finland,parliament,2015-04-19,8.53,15.0,200,VIHR,Vihreä Liitto – Gröna Förbundet,Green League,3.6465,67,855,700.0,1145.0,1062,Vihrea Liitto -- Grona Forbundet,eco,Green/Ecologist,3.4279,2.2671,6.9709,19
FIN,Finland,parliament,2015-04-19,7.13,12.0,200,DL|VAS,Demokraattinen Liitto – Demokratiska Förbundet | Vasemmistoliitto – Vänsterförbundet ,Democratic Union | Left Alliance,2.1843,67,855,700.0,1145.0,1292,Demokraattinen Liitto -- Demokratiska Forbundet | Vasemmistoliitto -- Vansterforbundet ,com,Communist/Socialist,1.8661,3.3406,5.165,14
FIN,Finland,parliament,2015-04-19,4.88,9.0,200,RKP-SFP,Ruotsalainen Kansanpuolue – Svenska Folkepartiet i Finland,Swedish People's Party,6.3906,67,855,700.0,1145.0,585,Ruotsalainen Kansanpuolue -- Svenska Folkepartiet i Finland,lib,Liberal,6.7295,3.8385,8.5284,6
FIN,Finland,parliament,2015-04-19,3.54,5.0,200,KD,Kristillisdemokraatit – Kristdemokraterna,Christian Democrats,7.1884,67,855,700.0,1145.0,1463,Kristillisdemokraatit -- Kristdemokraterna,chr,Christian democracy,4.9438,8.3076,3.2103,3
FIN,Finland,parliament,2015-04-19,0.56,1.0,200,one-seat,one seat,one seat,,67,855,700.0,1145.0,2413,one seat,none,no family,,,,12
FIN,Finland,parliament,2015-04-19,0.85,0.0,200,Pi,Piraattipuolue,Pirate Party Finland,,67,855,700.0,1145.0,2412,Piraattipuolue,spec,Special issue,,,,16
FRA,France,parliament,2012-06-17,29.35,280.0,577,PS,Parti socialiste,Socialist Party,3.2493,43,782,171.0,1037.0,1539,Parti socialiste,soc,Social democracy,3.248,2.9367,7.9448,11
FRA,France,parliament,2012-06-17,27.12,194.0,577,UMP,Union pour un mouvement populaire,Union for a Popular Movement,7.4997,43,782,171.0,1037.0,658,Union pour un mouvement populaire,con,Conservative,6.5934,7.1854,6.9862,26
FRA,France,parliament,2012-06-17,3.4,22.0,577,gauche,divers gauche,other left,3.3,43,782,171.0,1037.0,177,divers gauche,soc,Social democracy,3.5,3.5,8.1,11
FRA,France,parliament,2012-06-17,5.46,17.0,577,V,Les Verts,Greens,3.155,43,782,171.0,1037.0,873,Les Verts,eco,Green/Ecologist,2.8774,1.4772,6.4585,19
FRA,France,parliament,2012-06-17,3.51,15.0,577,droite,divers droite,other right,7.6583,43,782,171.0,1037.0,285,divers droite,con,Conservative,9.0,9.0,5.8333,26
FRA,France,parliament,2012-06-17,1.65,12.0,577,PRG,Parti radical de gauche,Radical Party of the Left,4.0813,43,782,171.0,1037.0,1492,Parti radical de gauche,soc,Social democracy,4.1676,4.2381,7.9361,11
FRA,France,parliament,2012-06-17,2.2,12.0,577,NC,Nouveau centre,New Centre,6.0,43,782,171.0,1037.0,1058,Nouveau centre,lib,Liberal,6.7,3.5,8.7,6
FRA,France,parliament,2012-06-17,6.91,10.0,577,PCF,Parti communiste française,French Communist Party,1.3741,43,782,171.0,1037.0,686,Parti communiste francais,com,Communist/Socialist,1.056,4.5083,2.3595,14
FRA,France,parliament,2012-06-17,1.24,6.0,577,PR,Parti radical ,Radical Party,3.9896,43,782,171.0,1037.0,401,Parti radical ,con,Conservative,4.1676,4.2381,7.9361,26
FRA,France,parliament,2012-06-17,0.56,2.0,577,MIM,Mouvement independantiste martiniquais,Martinican Independence Movement,,43,782,171.0,1037.0,2077,Mouvement independantiste martiniquais,spec,Special issue,,,,16
FRA,France,parliament,2012-06-17,1.77,2.0,577,MoDem,Mouvement démocrate,Democratic Movement,6.0,43,782,171.0,1037.0,937,Mouvement democrate,lib,Liberal,6.7,3.5,8.7,6
FRA,France,parliament,2012-06-17,0.6,2.0,577,AC,Alliance centriste,Centrist Alliance,6.0,43,782,171.0,1037.0,2078,Alliance centriste,lib,Liberal,6.7,3.5,8.7,6
FRA,France,parliament,2012-06-17,13.6,2.0,577,FN,Front national,National Front,9.6854,43,782,171.0,1037.0,270,Front national,right,Right-wing,7.4011,9.2889,0.2157,40
FRA,France,parliament,2012-06-17,0.19,1.0,577,ex-dro,extrême droite,other far-right,8.7,43,782,171.0,1037.0,2079,extreme droite,right,Right-wing,5.9,8.6,2.4,40
FRA,France,parliament,2012-06-17,0.96,0.0,577,no-seat,no seat,no seat,,43,782,171.0,1037.0,2080,no seat,none,no family,,,,12
GBR,United Kingdom,parliament,2015-05-07,36.93,331.0,650,Con,Conservatives,Conservatives,7.4261,44,856,582.0,874.0,773,Conservatives,con,Conservative,7.5725,7.1901,2.3243,26
GBR,United Kingdom,parliament,2015-05-07,30.46,232.0,650,Lab,Labour Party,Labour,4.3562,44,856,582.0,874.0,1556,Labour Party,soc,Social democracy,4.5741,4.2779,6.9923,11
GBR,United Kingdom,parliament,2015-05-07,4.74,56.0,650,SNP,Scottish National Party – Pàrtaidh Nàiseanta na h-Alba,Scottish National Party,3.5871,44,856,582.0,874.0,1284,Scottish National Party -- Partaidh Naiseanta na h-Alba,soc,Social democracy,3.0627,3.9623,7.8641,11
GBR,United Kingdom,parliament,2015-05-07,7.87,8.0,650,Lib,Liberals,Liberals,4.2875,44,856,582.0,874.0,659,Liberals,lib,Liberal,4.1064,2.6109,9.2231,6
GBR,United Kingdom,parliament,2015-05-07,0.6,8.0,650,DUP,Democratic Unionist Party,Democratic Unionist Party,7.4,44,856,582.0,874.0,319,Democratic Unionist Party,con,Conservative,6.4,6.9,7.8,26
GBR,United Kingdom,parliament,2015-05-07,0.57,4.0,650,SF,Sinn Féin,Sinn Fein,1.2,44,856,582.0,874.0,689,Sinn Fein,com,Communist/Socialist,1.4,3.0,3.3,14
GBR,United Kingdom,parliament,2015-05-07,0.59,3.0,650,Plaid,Plaid Cymru,Plaid Cymru,3.1183,44,856,582.0,874.0,311,Plaid Cymru,spec,Special issue,2.6251,3.7107,7.8314,16
GBR,United Kingdom,parliament,2015-05-07,0.33,3.0,650,SDLP,Social Democratic and Labour Party,Social Democratic and Labour Party,3.3,44,856,582.0,874.0,1023,Social Democratic and Labour Party,soc,Social democracy,3.5,3.5,8.6667,11
GBR,United Kingdom,parliament,2015-05-07,0.37,2.0,650,UUP,Ulster Unionist Party,Ulster Unionist Party,8.3,44,856,582.0,874.0,1210,Ulster Unionist Party,con,Conservative,6.4,6.9,7.8,26
GBR,United Kingdom,parliament,2015-05-07,12.65,1.0,650,UKIP,United Kingdom Independence Party,United Kingdom Independence Party,7.8429,44,856,582.0,874.0,1272,United Kingdom Independence Party,right,Right-wing,8.0938,7.8507,0.0,40
GBR,United Kingdom,parliament,2015-05-07,3.77,1.0,650,GP,Green Party,Green Party,2.57,44,856,582.0,874.0,467,Green Party,eco,Green/Ecologist,2.3775,2.0139,4.9858,19
GBR,United Kingdom,parliament,2015-05-07,0.54,1.0,650,one-seat,one seat,one seat,,44,856,582.0,874.0,2296,one seat,none,no family,,,,12
GBR,United Kingdom,parliament,2015-05-07,0.2,0.0,650,CP,The Christian Party – Christian Peoples Alliance in England,The Christian Party -- Christian Peoples Alliance in England,6.2,44,856,582.0,874.0,2063,The Christian Party -- Christian Peoples Alliance in England,chr,Christian democracy,5.7,7.2,8.3,3
GRC,Greece,parliament,2015-09-20,35.46,145.0,300,SYRIZA,Synaspismós Rizospastikís Aristerás,Coalition of the Radical Left,2.8947,41,992,851.0,1157.0,1592,Synaspismos Rizospastikis Aristeras,com,Communist/Socialist,2.9123,2.0066,7.1382,14
GRC,Greece,parliament,2015-09-20,28.1,75.0,300,ND,Néa Đimokratía,New Democracy,6.7365,41,992,851.0,1157.0,47,Nea Dimokratia,chr,Christian democracy,6.9754,6.6712,8.9869,3
GRC,Greece,parliament,2015-09-20,6.99,18.0,300,LS-CA,Laikos Syndesmos – Chrysi Avg,Peoples Association -- Golden Dawn,8.7,41,992,851.0,1157.0,2092,Laikos Syndesmos -- Chrysi Avg,right,Right-wing,5.9,8.6,2.4,40
GRC,Greece,parliament,2015-09-20,6.28,17.0,300,PASOK,Panellinio Sosialistikó Kínima,Panhellenic Socialist Movement,4.4968,41,992,851.0,1157.0,1338,Panhellinio Socialistiko Kinema,soc,Social democracy,4.8797,3.6025,9.2535,11
GRC,Greece,parliament,2015-09-20,5.55,15.0,300,KKE,Kommounistikó Kómma Elládas,Communist Party of Greece,1.253,41,992,851.0,1157.0,614,Kommunistiko Koma Ellados,com,Communist/Socialist,0.8404,5.1503,0.2722,14
GRC,Greece,parliament,2015-09-20,4.09,11.0,300,TP,To Potami,The River,3.3,41,992,851.0,1157.0,2346,To Potami,soc,Social democracy,3.5,3.5,8.1,11
GRC,Greece,parliament,2015-09-20,3.69,10.0,300,AE,Anexartitoi Ellines,Independent Greeks,8.7,41,992,851.0,1157.0,2091,Anexartitoi Ellines,right,Right-wing,5.9,8.6,2.4,40
GRC,Greece,parliament,2015-09-20,3.43,9.0,300,EK,Enosi Kentroon,Union of Centrists,3.3,41,992,851.0,1157.0,2165,Enosi Kentroon,soc,Social democracy,3.5,3.5,8.1,11
GRC,Greece,parliament,2015-09-20,2.86,0.0,300,LE,Laïkí Enótita,Popular Unity,1.2,41,992,851.0,1157.0,2596,Laiki Enotita,com,Communist/Socialist,1.4,3.0,3.3,14
HRV,Croatia,parliament,2015-11-08,20.57,50.0,151,HDZ,Hrvatska demokratska zajednica,Croatian Democratic Union,7.1053,62,1001,792.0,1056.0,276,Hrvatska demokratska zajednica,chr,Christian democracy,5.7018,6.9298,7.1053,3
HRV,Croatia,parliament,2015-11-08,17.88,42.0,151,SPH,Socijaldemokratska partija Hrvatske,Social Democratic Party of Croatia,3.2456,62,1001,792.0,1056.0,1493,Socijaldemokratska partija Hrvatske,soc,Social democracy,5.5263,2.3684,8.7719,11
HRV,Croatia,parliament,2015-11-08,13.42,19.0,151,Most,Most nezavisnih lista,Bridge of Independent Lists,7.4,62,1001,792.0,1056.0,2615,Most nezavisnih lista,con,Conservative,6.4,6.9,7.8,26
HRV,Croatia,parliament,2015-11-08,3.71,9.0,151,HNS,Hrvatska narodna stranka – Liberalni demokrati,Croatian People's Party -- Liberal Democrats,1.8421,62,1001,792.0,1056.0,1384,Hrvatska narodna stranka -- Liberalni demokrati,lib,Liberal,6.5789,1.7544,8.9474,6
HRV,Croatia,parliament,2015-11-08,1.66,8.0,151,ethnic,ethnic,ethnic,,62,1001,792.0,1056.0,2192,ethnic,none,no family,,,,12
HRV,Croatia,parliament,2015-11-08,0.49,3.0,151,HSP-AS,Hrvatska stranka prava dr. Ante Starčević,Croatian Party of Rights -- Dr. Ante Starcevic,8.7,62,1001,792.0,1056.0,2181,Hrvatska stranka prava dr. Ante Starcevic,right,Right-wing,5.9,8.6,2.4,40
HRV,Croatia,parliament,2015-11-08,0.3,3.0,151,CL-LP,Hrvatski laburisti – Stranka rada,Croatian Labourists -- Labour Party,1.2,62,1001,792.0,1056.0,2182,Hrvatski laburisti -- Stranka rada,com,Communist/Socialist,1.4,3.0,3.3,14
HRV,Croatia,parliament,2015-11-08,1.86,3.0,151,IDS,Istarski demokratski sabor,Istrian Democratic Assembly,3.4211,62,1001,792.0,1056.0,1627,Istarski demokratski sabor,lib,Liberal,6.2281,2.5439,9.2105,6
HRV,Croatia,parliament,2015-11-08,0.33,2.0,151,HSLS,Hrvatska socijalno liberalna stranka,Croatian Social Liberal Party,7.193,62,1001,792.0,1056.0,1102,Hrvatska socijalno liberalna stranka,lib,Liberal,4.6491,5.5263,5.0877,6
HRV,Croatia,parliament,2015-11-08,0.49,2.0,151,HSU,Hrvatska stranka umirovljenika,Croatian Party of Pensioners,,62,1001,792.0,1056.0,2134,Hrvatska stranka umirovljenika,spec,Special issue,,,,16
HRV,Croatia,parliament,2015-11-08,1.35,2.0,151,HDSSB,Hrvatski demokratski savez Slavonije i Baranje,Croatian Democratic Alliance of Slavonia and Baranja,8.7,62,1001,792.0,1056.0,2135,Hrvatski demokratski savez Slavonije i Baranje,right,Right-wing,5.9,8.6,2.4,40
HRV,Croatia,parliament,2015-11-08,3.34,2.0,151,MB,Milan Bandić 365 – Stranka rada i solidarnosti,Milan Bandic 365 -- The Party of Labour and Solidarity,,62,1001,792.0,1056.0,2628,Milan Bandic 365 -- Stranka rada i solidarnosti,soc,Social democracy,,,,11
HRV,Croatia,parliament,2015-11-08,1.59,1.0,151,HSS,Hrvatska seljačka stranka,Croatian Peasant Party,6.2281,62,1001,792.0,1056.0,1465,Hrvatska seljacka stranka,agr,Agrarian,4.2982,7.807,6.2281,2
HRV,Croatia,parliament,2015-11-08,4.19,1.0,151,ZiZi,Živi zid,Human Shield ,8.7,62,1001,792.0,1056.0,2612,Zivi zid,right,Right-wing,5.9,8.6,2.4,40
HRV,Croatia,parliament,2015-11-08,1.54,1.0,151,NS,Narodna stranka – Reformisti,People's Party -- Reformists ,6.0,62,1001,792.0,1056.0,2614,Narodna stranka -- Reformisti,lib,Liberal,6.7,3.5,8.7,6
HRV,Croatia,parliament,2015-11-08,0.39,1.0,151,Hrast,Hrvatski rast,Croatian Growth,6.2,62,1001,792.0,1056.0,2185,Hrvatski rast,chr,Christian democracy,5.7,7.2,8.3,3
HRV,Croatia,parliament,2015-11-08,0.05,1.0,151,one-seat,one seat,one seat,,62,1001,792.0,1056.0,2295,one seat,none,no family,,,,12
HRV,Croatia,parliament,2015-11-08,0.17,1.0,151,HDS,Hrvatska demokršćanska stranka,Croatian Christian Democratic Party,,62,1001,792.0,1056.0,2629,Hrvatska demokrscanska stranka,right,Right-wing,,,,40
HRV,Croatia,parliament,2015-11-08,1.73,0.0,151,ORaH,Održivi razvoj Hrvatske,Sustainable Development of Croatia,2.5,62,1001,792.0,1056.0,2382,Odrzivi razvoj Hrvatske,eco,Green/Ecologist,2.5,1.8,6.5,19
HUN,Hungary,parliament,2014-04-06,,117.0,199,Fi-MPSz,Fidesz – Magyar Polgári Szövetség,Fidesz -- Hungarian Civic Union,6.5432,39,814,688.0,846.0,921,Fidesz -- Magyar Polgari Szovetseg,con,Conservative,3.9949,7.5275,6.6143,26
HUN,Hungary,parliament,2014-04-06,25.57,29.0,199,MSZP,Magyar Szocialista Párt,Hungarian Socialist Party,2.8743,39,814,688.0,846.0,1591,Magyar Szocialista Part,soc,Social democracy,5.5702,3.5897,9.6567,11
HUN,Hungary,parliament,2014-04-06,20.22,23.0,199,Jobbik,Jobbik Magyarországért Mozgalom,Jobbik Movement for a Better Hungary,8.7,39,814,688.0,846.0,600,Jobbik Magyarorszagert Mozgalom,right,Right-wing,5.9,8.6,2.4,40
HUN,Hungary,parliament,2014-04-06,,16.0,199,KDNP,Kereszténydemokrata Néppárt,Christian Democratic People's Party,7.4,39,814,688.0,846.0,434,Keresztenydemokrata Neppart,chr,Christian democracy,2.17,8.33,5.8333,3
HUN,Hungary,parliament,2014-04-06,5.34,5.0,199,LMP,Lehet Más a Politika,Politics Can Be Different,2.5,39,814,688.0,846.0,403,Lehet Mas a Politika,eco,Green/Ecologist,2.5,1.8,6.5,19
HUN,Hungary,parliament,2014-04-06,,4.0,199,DK,Demokratikus Koalíció,Democratic Coalition,3.3,39,814,688.0,846.0,1970,Demokratikus Koalicio,soc,Social democracy,3.5,3.5,8.1,11
HUN,Hungary,parliament,2014-04-06,,3.0,199,Egyutt,Együtt – A Korszakváltók Pártja,Together -- Party for a New Era,3.3,39,814,688.0,846.0,2318,Egyutt -- A Korszakvaltok Partja,soc,Social democracy,3.5,3.5,8.1,11
HUN,Hungary,parliament,2014-04-06,,1.0,199,one-seat,one seat,one seat,,39,814,688.0,846.0,952,one seat,none,no family,,,,12
HUN,Hungary,parliament,2014-04-06,,1.0,199,PM,Párbeszéd Magyarországért,Dialogue for Hungary,2.5,39,814,688.0,846.0,2349,Parbeszed Magyarorszagert,eco,Green/Ecologist,2.5,1.8,6.5,19
HUN,Hungary,parliament,2014-04-06,0.56,0.0,199,MMP,Magyar Munkáspárt,Hungarian Workers' Party,0.6316,39,814,688.0,846.0,1202,Magyar Munkaspart,com,Communist/Socialist,2.6842,5.809,3.3388,14
HUN,Hungary,parliament,2014-04-06,44.87,,199,Fi+KDNP,Fidesz – Magyar Polgári Szövetség / Kereszténydemokrata Néppárt,Fidesz -- Hungarian Civic Party / Christian Democratic People's Party,6.5432,39,814,688.0,846.0,437,Fidesz -- Magyar Polgari Szovetseg / Keresztenydemokrata Neppart,con,Conservative,3.9949,7.5275,6.6143,26
IRL,Ireland,parliament,2016-02-26,25.52,49.0,157,FG,Fine Gael,Fine Gael (Familiy of the Irish),6.4372,37,1002,698.0,904.0,1393,Fine Gael,chr,Christian democracy,6.1603,5.787,9.1708,3
IRL,Ireland,parliament,2016-02-26,24.35,44.0,157,FF,Fianna Fáil,Fianna Fail (Soldiers of Destiny),6.0713,37,1002,698.0,904.0,280,Fianna Fail,con,Conservative,5.8991,6.9898,7.8389,26
IRL,Ireland,parliament,2016-02-26,13.85,23.0,157,SF,Sinn Féin,Sinn Fein,2.7935,37,1002,698.0,904.0,2217,Sinn Fein,com,Communist/Socialist,2.0316,4.5005,3.3,14
IRL,Ireland,parliament,2016-02-26,11.14,12.0,157,none,no party affiliation,no party affiliation,,37,1002,698.0,904.0,30,no party affiliation,none,no family,,,,12
IRL,Ireland,parliament,2016-02-26,6.61,7.0,157,Lab,Labour Party,Labour Party,3.6252,37,1002,698.0,904.0,318,Labour Party,soc,Social democracy,3.353,3.1071,7.1292,11
IRL,Ireland,parliament,2016-02-26,4.21,6.0,157,IA,Independent Alliance,Independent Alliance,,37,1002,698.0,904.0,2622,Independent Alliance,none,no family,,,,12
IRL,Ireland,parliament,2016-02-26,3.95,6.0,157,SP,Socialist Party,Socialist Party,1.2,37,1002,698.0,904.0,1014,Socialist Party,com,Communist/Socialist,1.4,3.0,3.3,14
IRL,Ireland,parliament,2016-02-26,1.47,4.0,157,IC,Independents 4 Change,Independents 4 Change,,37,1002,698.0,904.0,2621,Independents 4 Change,none,no family,,,,12
IRL,Ireland,parliament,2016-02-26,3.01,3.0,157,DS,Daonlathaigh Shóisialta,Social Democrats ,3.3,37,1002,698.0,904.0,2619,Daonlathaigh Shoisialta,soc,Social democracy,3.5,3.5,8.1,11
IRL,Ireland,parliament,2016-02-26,2.72,2.0,157,Green,Green Party  – Comhaontas Glas,Green Party,2.435,37,1002,698.0,904.0,1573,Green Party -- Comhaontas Glas,eco,Green/Ecologist,2.462,2.1754,3.0472,19
IRL,Ireland,parliament,2016-02-26,0.35,1.0,157,one-seat,one seat,one seat,,37,1002,698.0,904.0,2298,one seat,none,no family,,,,12
IRL,Ireland,parliament,2016-02-26,2.18,0.0,157,RI,Renua Ireland,Renua Ireland,7.4,37,1002,698.0,904.0,2620,Renua Ireland,con,Conservative,6.4,6.9,7.8,26
ISL,Iceland,parliament,2013-04-27,26.7,19.0,63,Sj,Sjálfstæðisflokkurinn,Independence Party,7.4854,56,798,36.0,651.0,1342,Sjalfstaedisflokkurinn,con,Conservative,7.6316,4.0351,7.8,26
ISL,Iceland,parliament,2013-04-27,24.43,19.0,63,F,Framsóknarflokkurinn,Progressive Party,5.0365,56,798,36.0,651.0,1455,Framsoknarflokkurinn,agr,Agrarian,5.6579,3.8596,5.4,2
ISL,Iceland,parliament,2013-04-27,12.85,9.0,63,Sam,Samfylkingin,Social Democratic Alliance,4.0789,56,798,36.0,651.0,1006,Samfylkingin,soc,Social democracy,4.2982,1.0088,8.1,11
ISL,Iceland,parliament,2013-04-27,10.87,7.0,63,Graen,Vinstrihreyfingin – grænt framboð,Left-Green Movement,1.1842,56,798,36.0,651.0,210,Vinstrihreyfingin -- graent frambod,eco,Green/Ecologist,1.4474,1.6667,6.5,19
ISL,Iceland,parliament,2013-04-27,8.25,6.0,63,BF,Björt framtíð,Bright Future,6.0,56,798,36.0,651.0,2204,Bjort framtid,lib,Liberal,6.7,3.5,8.7,6
ISL,Iceland,parliament,2013-04-27,5.1,3.0,63,Pi,Pírata,Pirate Party,2.5,56,798,36.0,651.0,2205,Pirata,eco,Green/Ecologist,2.5,1.8,6.5,19
ISL,Iceland,parliament,2013-04-27,3.1,0.0,63,Dawn,"Dögun – stjórnmálasamtök um réttlæti, sanngirni og lýðræði","Dawn -- Organization of justice, fairness and democracy",,56,798,36.0,651.0,2206,"Dogun -- stjornmalasamtok um rettlaeti, sanngirni og lydraedi",spec,Special issue,,,,16
ISL,Iceland,parliament,2013-04-27,3.02,0.0,63,FH,Flokkur Heimilanna,Households Party,,56,798,36.0,651.0,2207,Flokkur Heimilanna,spec,Special issue,,,,16
ISL,Iceland,parliament,2013-04-27,2.46,0.0,63,IDP,Lýðræðisvaktin,Iceland Democratic Party,2.5,56,798,36.0,651.0,2208,Lydraedisvaktin,eco,Green/Ecologist,2.5,1.8,6.5,19
ISL,Iceland,parliament,2013-04-27,1.73,0.0,63,HG,Hægri Grænir flokkur fólksins,RIght-Green People's Party,6.0,56,798,36.0,651.0,2209,Haegri Graenir flokkur folksins,lib,Liberal,6.7,3.5,8.7,6
ISL,Iceland,parliament,2013-04-27,1.07,0.0,63,Rebo,Regnboginn,Rainbow,1.2,56,798,36.0,651.0,2210,Regnboginn,com,Communist/Socialist,1.4,3.0,3.3,14
ITA,Italy,parliament,2013-02-25,25.42,292.0,617,PD,Partito Democratico,Democratic Party,2.6216,26,789,111.0,983.0,382,Partito Democratico,soc,Social democracy,2.9825,2.0943,7.834,11
ITA,Italy,parliament,2013-02-25,25.55,108.0,617,M5S,Movimento 5 Stelle,Five Star Movement,2.5,26,789,111.0,983.0,2155,Movimento 5 Stelle,eco,Green/Ecologist,2.5,1.8,6.5,19
ITA,Italy,parliament,2013-02-25,21.56,97.0,617,FI-PdL,Forza Italia – Il Popolo della Libertà,Go Italy -- The People of Freedom,7.1459,26,789,111.0,983.0,596,Forza Italia -- Il Popolo della Liberta,con,Conservative,7.913,6.5983,5.0946,26
ITA,Italy,parliament,2013-02-25,3.2,37.0,617,SL,Sinistra (Ecologia) Libertà,Left (Ecology) Freedom,1.2,26,789,111.0,983.0,465,Sinistra (Ecologia) Liberta,com,Communist/Socialist,1.4,3.0,3.3,14
ITA,Italy,parliament,2013-02-25,8.3,37.0,617,SC,Scelta Civica,Civic Choice,6.0,26,789,111.0,983.0,2156,Scelta Civica,lib,Liberal,6.7,3.5,8.7,6
ITA,Italy,parliament,2013-02-25,4.08,18.0,617,LN,Lega Nord,North League,7.8007,26,789,111.0,983.0,1436,Lega Nord,right,Right-wing,7.9138,7.9003,3.2088,40
ITA,Italy,parliament,2013-02-25,1.95,9.0,617,FdI-CN,Fratelli d'Italia – Centrodestra Nazionale,Brothers of Italy -- National Centre-right,7.4,26,789,111.0,983.0,2154,Fratelli dItalia -- Centrodestra Nazionale,con,Conservative,6.4,6.9,7.8,26
ITA,Italy,parliament,2013-02-25,1.78,8.0,617,UC,Unione / Centro,Union / Centre,6.1092,26,789,111.0,983.0,226,Unione / Centro,chr,Christian democracy,5.1181,7.8038,7.128,3
ITA,Italy,parliament,2013-02-25,0.49,6.0,617,CD,Centro Democratico, Democratic Centre,6.0,26,789,111.0,983.0,2153,Centro Democratico,lib,Liberal,6.7,3.5,8.7,6
ITA,Italy,parliament,2013-02-25,0.43,5.0,617,SVP,Südtiroler Volkspartei,South Tyrol Peoples Party,5.4,26,789,111.0,983.0,1030,Suedtiroler Volkspartei,spec,Special issue,5.085,6.9,7.6083,16
ITA,Italy,parliament,2013-02-25,2.25,0.0,617,RC,Rivoluzione Civile,Civil Revolution,1.2,26,789,111.0,983.0,2157,Rivoluzione Civile,com,Communist/Socialist,1.4,3.0,3.3,14
ITA,Italy,parliament,2013-02-25,1.11,0.0,617,FiD,Fermare il Declino,Stop the Decline,6.0,26,789,111.0,983.0,2158,Fermare il Declino,lib,Liberal,6.7,3.5,8.7,6
ITA,Italy,parliament,2013-02-25,,0.0,617,FLI,Futuro e libertà per l'Italia,Future and Freedom for Italy,7.4,26,789,111.0,983.0,1477,Futuro e liberta per l'Italia,con,Conservative,6.4,6.9,7.8,26
LTU,Lithuania,parliament,2012-10-14,18.37,37.0,141,LSDP,Lietuvos socialdemokratų partija,Lithuanian Social Democratic Party,3.1972,15,786,646.0,1026.0,1277,Lietuvos socialdemokratu partija,soc,Social democracy,3.8262,5.2732,9.0702,11
LTU,Lithuania,parliament,2012-10-14,15.08,33.0,141,TS-LK,Tėvynės Sąjunga,Homeland Union,7.4004,15,786,646.0,1026.0,1045,Tevynes Sajunga,con,Conservative,6.694,7.1939,9.7006,26
LTU,Lithuania,parliament,2012-10-14,19.82,29.0,141,DP,Darbo Partija,Labour Party,3.86,15,786,646.0,1026.0,581,Darbo Partija,lib,Liberal,4.29,5.8,8.5667,6
LTU,Lithuania,parliament,2012-10-14,7.31,11.0,141,TT-LDP,Tvarka ir teisingumas – Liberalų Demokratų Partija,Order and Justice -- Liberal Democratic Party,5.2955,15,786,646.0,1026.0,1421,Tvarka ir teisingumas -- Liberalu Demokratu Partija,con,Conservative,4.9093,7.2116,7.3184,26
LTU,Lithuania,parliament,2012-10-14,8.57,10.0,141,LRLS,Lietuvos Respublikos Liberalų sąjūdis,Liberals Movement of the Republic of Lithuania,7.7562,15,786,646.0,1026.0,482,Lietuvos Respublikos Liberaly sajudis,lib,Liberal,8.2271,2.8532,9.2244,6
LTU,Lithuania,parliament,2012-10-14,5.83,8.0,141,LLRA,Lietuvos lenkų rinkimų akcija,Election Action of Lithuania's Poles,3.865,15,786,646.0,1026.0,28,Lietuvos lenku rinkimu akcija,spec,Special issue,3.9,7.325,7.4667,16
LTU,Lithuania,parliament,2012-10-14,7.99,7.0,141,DK,Drąsos Kelias,The Way of Courage,,15,786,646.0,1026.0,2121,Drasos Kelias,spec,Special issue,,,,16
LTU,Lithuania,parliament,2012-10-14,,3.0,141,none,no party affiliation,no party affiliation,,15,786,646.0,1026.0,58,no party affiliation,none,no family,,,,12
LTU,Lithuania,parliament,2012-10-14,3.88,1.0,141,LVLS,Lietuvos valstiečių sąjunga,Lithuanian Peasant Union,3.2687,15,786,646.0,1026.0,191,Lietuvos valstiecic sajunga,agr,Agrarian,3.7152,5.8514,5.2909,2
LTU,Lithuania,parliament,2012-10-14,2.06,0.0,141,LiCS,Liberalų ir centro sąjunga,Liberal and Centre Union,7.7562,15,786,646.0,1026.0,983,Liberalc ir centro sajunga,lib,Liberal,8.2271,2.8532,9.2244,6
LTU,Lithuania,parliament,2012-10-14,1.76,0.0,141,TAIP,Tėvynės atgimimas ir perspektyva,YES -- Homeland Revival and Perspective,6.0,15,786,646.0,1026.0,2122,Tevynes atgimimas ir perspektyva,lib,Liberal,6.7,3.5,8.7,6
LTU,Lithuania,parliament,2012-10-14,1.21,0.0,141,SPF,Socialist People's Front,Socialist People's Front,1.2,15,786,646.0,1026.0,1056,Socialist People's Front,com,Communist/Socialist,1.4,3.0,3.3,14
LTU,Lithuania,parliament,2012-10-14,1.2,0.0,141,KKSS,Krikščionių konservatorių socialinė sąjunga,Christian Conservative Social Union,6.4579,15,786,646.0,1026.0,709,Krikscioniu konservatoriu socialine sajunga,chr,Christian democracy,5.9079,7.3618,7.5877,3
LUX,Luxembourg,parliament,2013-10-20,33.68,23.0,60,CSV,Chrëschtlech Sozial Vollekspartei – Parti populaire chrétien social – Christlich Soziale Volkspartei,Christian Social People's Party,6.4474,7,803,172.0,1063.0,1234,Chreschtlech Sozial Vollekspartei -- Parti populaire chretien social -- Christlich Soziale Volkspartei,chr,Christian democracy,6.7105,7.5,8.3952,3
LUX,Luxembourg,parliament,2013-10-20,18.25,13.0,60,DP,Demokratesch Partei – Parti Démocratique – Demokratische Partei,Democratic Party,6.5789,7,803,172.0,1063.0,967,Demokratesch Partei -- Parti Democratique -- Demokratische Partei,lib,Liberal,7.3684,2.7632,7.2706,6
LUX,Luxembourg,parliament,2013-10-20,20.28,13.0,60,LSAP,Lëtzebuerger Sozialistesch Arbechterpartei – Parti Ouvrier Socialiste Luxembourgeois – Luxemburger Sozialistische Arbeiterpartei,Luxembourg Socialist Workers' Party,3.2895,7,803,172.0,1063.0,701,Letzebuerger Sozialistesch Arbechterpartei -- Parti Ouvrier Socialiste Luxembourgeois -- Luxemburger Sozialistische Arbeiterpartei,soc,Social democracy,3.9474,1.3158,8.1978,11
LUX,Luxembourg,parliament,2013-10-20,10.13,6.0,60,Greng,Déi Gréng – Les Verts – Die Grünen,The Greens,2.5,7,803,172.0,1063.0,310,Dei Greng -- Les Verts -- Die Gruenen,eco,Green/Ecologist,1.5789,0.7895,7.5,19
LUX,Luxembourg,parliament,2013-10-20,6.64,3.0,60,AR|ADR,Aktionskomitee Rente – Comité d’action pensions | Alternativ Demokratesch Reformpartei – Parti réformiste d'alternative démocratique,Action Committee Pensions | Alternative Democratic Reform Party,8.8158,7,803,172.0,1063.0,1582,Aktionskomitee Rente -- Comite d action pensions | Alternativ Demokratesch Reformpartei -- Parti reformiste d alternative democratique,con,Conservative,6.3158,7.5,2.5329,26
LUX,Luxembourg,parliament,2013-10-20,4.94,2.0,60,DL,Déi Lénk – La Gauche – Die Linke,The Left,0.5263,7,803,172.0,1063.0,457,Dei Lenk -- La Gauche -- Die Linke,com,Communist/Socialist,0.8772,1.0526,0.8772,14
LUX,Luxembourg,parliament,2013-10-20,1.64,0.0,60,KPL,Kommunistesch Partei Lëtzebuerg – Parti Communiste Luxembourgeois – Kommunistische Partei Luxemburg,Communist Party of Luxembourg,1.2,7,803,172.0,1063.0,151,Kommunistesch Partei Letzebuerg -- Parti Communiste Luxembourgeois -- Kommunistische Partei Luxemburg,com,Communist/Socialist,1.4,3.0,2.6,14
LUX,Luxembourg,parliament,2013-10-20,2.94,0.0,60,Pi,Piratepartei Lëtzebuerg – Piratenpartei Parti pirate du Luxembourg – Piratenpartei Luxemburg,Pirate Party Luxembourg,,7,803,172.0,1063.0,2256,Piratepartei Letzebuerg -- Parti pirate du Luxembourg -- Piratenpartei Luxemburg,spec,Special issue,,,,16
LUX,Luxembourg,parliament,2013-10-20,1.5,0.0,60,PID,Partei fir Integral Demokratie – Parti pour la democratie integrale – Partei für Integrale Demokratie,Party for Full Democracy,7.4,7,803,172.0,1063.0,2257,Partei fir Integral Demokratie -- Parti pour la democratie integrale -- Partei fur Integrale Demokratie,con,Conservative,6.4,6.9,7.8,26
LVA,Latvia,parliament,2014-10-04,23.0,24.0,100,S,Saskaņas,Harmony,3.0,55,831,765.0,1073.0,1100,Saskanas,soc,Social democracy,3.25,4.25,7.5,11
LVA,Latvia,parliament,2014-10-04,21.87,23.0,100,V,Vienotība,Unity,7.4,55,831,765.0,1073.0,1666,Vienotiba,con,Conservative,6.4,6.9,7.8,26
LVA,Latvia,parliament,2014-10-04,19.53,21.0,100,ZZS,Zaļo un Zemnieku savienība,Green and Farmers' Union,5.2632,55,831,765.0,1073.0,466,Zalo un Zemnieku savieniba,agr,Agrarian,5.3947,6.1184,6.7763,2
LVA,Latvia,parliament,2014-10-04,16.61,17.0,100,NA/TB/LNNK,Nacionālā apvienība / Tēvzemei un Brīvībai / LNNK,National Alliance / For Fatherland and Freedom / LNNK,8.2588,55,831,765.0,1073.0,521,Nacionala apvieniba / Tevzemei un Brivibai / LNNK,right,Right-wing,6.4433,7.4251,7.0102,40
LVA,Latvia,parliament,2014-10-04,6.66,8.0,100,LRa,Latvijas Reģionu apvienība,Latvian Association of Regions,7.4,55,831,765.0,1073.0,2366,Latvijas Regionu apvieniba,con,Conservative,6.4,6.9,7.8,26
LVA,Latvia,parliament,2014-10-04,6.85,7.0,100,NsL,No sirds Latvijai,For Latvia from the Heart,7.4,55,831,765.0,1073.0,2365,No sirds Latvijai,con,Conservative,6.4,6.9,7.8,26
LVA,Latvia,parliament,2014-10-04,1.58,0.0,100,PCTVL,Par cilvēka tiesībām vienotā Latvijā,For Human Rights in a United Latvia,1.25,55,831,765.0,1073.0,1520,Par cilveka tiesibam vienota Latvija,soc,Social democracy,2.1093,5.5837,4.8684,11
LVA,Latvia,parliament,2014-10-04,1.18,0.0,100,ViLa,Vienoti Latvijai,United for Latvia,,55,831,765.0,1073.0,2367,Vienoti Latvijai,code,to be coded,,,,28
MLT,Malta,parliament,2013-03-09,54.83,39.0,69,MLP,Partit Laburista,Malta Labour Party,4.2105,72,790,203.0,468.0,1003,Partit Laburista,soc,Social democracy,5.1128,6.3158,2.406,11
MLT,Malta,parliament,2013-03-09,43.34,30.0,69,PN,Partit Nazzjonalista,Nationalist Party,5.7143,72,790,203.0,468.0,984,Partit Nazzjonalista,con,Conservative,4.6617,6.9173,9.3985,26
MLT,Malta,parliament,2013-03-09,1.8,0.0,69,AD,Alternattiva Demokratika,Democratic Alternative,3.7895,72,790,203.0,468.0,360,Alternattiva Demokratika,eco,Green/Ecologist,3.2632,4.6316,9.2632,19
NLD,Netherlands,parliament,2012-09-12,26.58,41.0,150,VVD,Volkspartij voor Vrijheid en Democratie,People's Party for Freedom and Democracy,7.3482,8,785,530.0,1028.0,1409,Volkspartij voor Vrijheid en Democratie,lib,Liberal,7.8979,4.3887,5.9471,6
NLD,Netherlands,parliament,2012-09-12,24.84,38.0,150,PvdA,Partij van de Arbeid,Labour Party,3.6118,8,785,530.0,1028.0,742,Partij van de Arbeid,soc,Social democracy,3.868,3.2028,7.9904,11
NLD,Netherlands,parliament,2012-09-12,10.08,15.0,150,PVV,Partij voor de Vrijheid,Party for Freedom,8.8,8,785,530.0,1028.0,1501,Partij voor de Vrijheid,con,Conservative,8.29,6.57,0.9167,26
NLD,Netherlands,parliament,2012-09-12,9.65,15.0,150,SP,Socialistiese Partij,Socialist Party,1.2146,8,785,530.0,1028.0,357,Socialistiese Partij,com,Communist/Socialist,1.0421,4.2099,2.5049,14
NLD,Netherlands,parliament,2012-09-12,8.51,13.0,150,CDA,Christen Democratisch Appèl,Christian Democratic Appeal,5.9376,8,785,530.0,1028.0,235,Christen Democratisch Appel,chr,Christian democracy,5.8848,6.6882,7.7157,3
NLD,Netherlands,parliament,2012-09-12,8.03,12.0,150,D66,Democraten 66,Democrats 66,4.5066,8,785,530.0,1028.0,345,Democraten 66,lib,Liberal,4.9917,1.7625,8.6233,6
NLD,Netherlands,parliament,2012-09-12,3.13,5.0,150,CU,ChristenUnie – Staatkundig Gereformeerde Partij,ChristianUnion -- Reformed Political Party,6.1732,8,785,530.0,1028.0,1206,ChristenUnie -- Staatkundig Gereformeerde Partij,chr,Christian democracy,4.6769,8.6005,4.4157,3
NLD,Netherlands,parliament,2012-09-12,2.33,4.0,150,GL,GroenLinks,GreenLeft,2.0454,8,785,530.0,1028.0,756,GroenLinks,eco,Green/Ecologist,2.1108,1.644,6.1973,19
NLD,Netherlands,parliament,2012-09-12,2.09,3.0,150,SGP,Staatkundig Gereformeerde Partij,Political Reformed Party,8.7531,8,785,530.0,1028.0,1251,Staatkundig Gereformeerde Partij,con,Conservative,6.3487,9.7744,2.9307,26
NLD,Netherlands,parliament,2012-09-12,1.93,2.0,150,PvdD,Partij voor de Dieren,Party for the Animals,,8,785,530.0,1028.0,990,Partij voor de Dieren,spec,Special issue,,,,16
NLD,Netherlands,parliament,2012-09-12,1.88,2.0,150,50+,50PLUS,50PLUS,6.0,8,785,530.0,1028.0,2109,50PLUS,lib,Liberal,6.7,3.5,8.7,6
NLD,Netherlands,parliament,2012-09-12,0.32,0.0,150,no-seat,no seat,no seat,,8,785,530.0,1028.0,2110,no seat,none,no family,,,,12
NOR,Norway,parliament,2013-09-09,30.8,55.0,169,DNA,Det norske Arbeiderparti,Norwegian Labour Party,3.3706,9,801,285.0,551.0,104,Det norske Arbeiderparti,soc,Social democracy,2.9574,2.7105,8.2933,11
NOR,Norway,parliament,2013-09-09,25.8,48.0,169,H,Høyre,Conservative Party,7.8994,9,801,285.0,551.0,1435,Hoyre,con,Conservative,8.2957,3.584,9.5074,26
NOR,Norway,parliament,2013-09-09,16.3,29.0,169,Fr,Fremskrittspartiet,Progress Party,8.7595,9,801,285.0,551.0,351,Fremskrittspartiet,right,Right-wing,7.5,5.5388,6.119,40
NOR,Norway,parliament,2013-09-09,5.5,10.0,169,Sp,Senterpartiet,Centre Party,4.6565,9,801,285.0,551.0,702,Senterpartiet,agr,Agrarian,2.807,5.7644,0.188,2
NOR,Norway,parliament,2013-09-09,5.6,10.0,169,KrF,Kristelig Folkeparti,Christian Democratic Party,5.8516,9,801,285.0,551.0,1538,Kristelig Folkeparti,chr,Christian democracy,4.5865,9.198,3.1003,3
NOR,Norway,parliament,2013-09-09,5.2,9.0,169,V,Venstre,Liberal Party of Norway,5.1467,9,801,285.0,551.0,647,Venstre,lib,Liberal,5.9148,3.2581,4.0766,6
NOR,Norway,parliament,2013-09-09,4.1,7.0,169,SV,Sosialistisk Venstreparti,Socialist Left Party,1.5839,9,801,285.0,551.0,81,Sosialistisk Venstreparti,com,Communist/Socialist,1.3534,1.5038,1.1568,14
NOR,Norway,parliament,2013-09-09,2.8,1.0,169,MDG,Miljøpartiet De Grønne,Green Party,2.5,9,801,285.0,551.0,2254,Miljopartiet De Gronne,eco,Green/Ecologist,2.5,1.8,6.5,19
NOR,Norway,parliament,2013-09-09,1.1,0.0,169,RV,Rød Valgallianse,Red Electoral Alliance,0.4089,9,801,285.0,551.0,1638,Rod Valgallianse,com,Communist/Socialist,0.5764,1.0,0.4511,14
POL,Poland,parliament,2015-10-25,37.58,235.0,460,PiS,Prawo i Sprawiedliwość,Law and Justice,7.6997,74,996,766.0,1146.0,528,Prawo i Sprawiedliwosc,con,Conservative,4.0466,8.2514,5.4813,26
POL,Poland,parliament,2015-10-25,24.09,138.0,460,PO,Platforma Obywatelska,Civic Platform,6.2355,74,996,766.0,1146.0,512,Platforma Obywatelska,con,Conservative,8.236,3.7102,9.3705,26
POL,Poland,parliament,2015-10-25,8.81,42.0,460,K,Kukiz'15,Kukiz'15,8.7,74,996,766.0,1146.0,2600,Kukiz'15,right,Right-wing,5.9,8.6,2.4,40
POL,Poland,parliament,2015-10-25,7.6,28.0,460,N,Nowoczesna,Modern,6.0,74,996,766.0,1146.0,2601,Nowoczesna,lib,Liberal,6.7,3.5,8.7,6
POL,Poland,parliament,2015-10-25,5.13,16.0,460,PSL,Polskie Stronnictwo Ludowe,Polish People's Party,4.1856,74,996,766.0,1146.0,664,Polskie Stronnictwo Ludowe,agr,Agrarian,2.8942,6.5491,5.3573,2
POL,Poland,parliament,2015-10-25,0.18,1.0,460,MN,Mniejszość niemiecka w Polsce,German minority,,74,996,766.0,1146.0,900,Mniejszosc niemiecka,spec,Special issue,,,,16
POL,Poland,parliament,2015-10-25,7.55,0.0,460,SLD,Sojusz Lewicy Demokratycznej,Democratic Left Alliance,2.8299,74,996,766.0,1146.0,629,Sojusz Lewicy Demokratycznej,soc,Social democracy,3.8505,1.8801,9.0872,11
POL,Poland,parliament,2015-10-25,4.76,0.0,460,KORWIN,Koalicja Odnowy Rzeczypospolitej Wolność i Nadzieja KORWiN,Coalition for the Renewal of the Republic -- Liberty and Hope,7.4,74,996,766.0,1146.0,2602,Koalicja Odnowy Rzeczypospolitej Wolnosc i Nadzieja KORWIN,con,Conservative,6.4,6.9,7.8,26
POL,Poland,parliament,2015-10-25,3.62,0.0,460,Razem,Partia Razem,Together Party,3.3,74,996,766.0,1146.0,2625,Partia Razem,soc,Social democracy,3.5,3.5,8.1,11
PRT,Portugal,parliament,2015-10-04,39.84,107.0,230,PSD,Partido Social Democrata,Social Democratic Party,6.2949,63,993,702.0,917.0,1273,Partido Social Democrata,lib,Liberal,6.8488,7.0224,8.4691,6
PRT,Portugal,parliament,2015-10-04,33.57,86.0,230,PS,Partido Socialista,Socialist Party,4.0492,63,993,702.0,917.0,725,Partido Socialista,soc,Social democracy,4.2716,3.5411,9.2233,11
PRT,Portugal,parliament,2015-10-04,10.58,19.0,230,BE,Bloco de Esquerda,Bloc of the Left,1.6425,63,993,702.0,917.0,557,Bloco de Esquerda,com,Communist/Socialist,1.9526,1.267,3.7018,14
PRT,Portugal,parliament,2015-10-04,8.56,17.0,230,CDU,Coligação Democrático Unitária,Unified Democratic Coalition,2.2233,63,993,702.0,917.0,1295,Coligacao Democratico Unitaria,com,Communist/Socialist,1.48,2.6433,3.2,14
PRT,Portugal,parliament,2015-10-04,1.44,1.0,230,PAN,Partido pelos Animais e pela Natureza,Party for Animals and Nature,2.5,63,993,702.0,917.0,1781,Partido pelos Animais e pela Natureza,eco,Green/Ecologist,2.5,1.8,6.5,19
PRT,Portugal,parliament,2015-10-04,1.19,0.0,230,PDR,Partido Democrático Republicano,Republican Democratic Party,7.4,63,993,702.0,917.0,2597,Partido Democratico Republicano,con,Conservative,6.4,6.9,7.8,26
PRT,Portugal,parliament,2015-10-04,1.15,0.0,230,PCTP/MRPP,Comunista dos Trabalhadores Portugueses / Movimento Reorganizativo do Partido do Proletariado,Communist Party of the Portuguese Workers / Reorganizative Movement of the Party of the Proletariat,1.2,63,993,702.0,917.0,281,Comunista dos Trabalhadores Portugueses / Movimento Reorganizativo do Partido do Proletariado,com,Communist/Socialist,1.4,3.0,3.3,14
ROU,Romania,parliament,2012-12-09,58.63,150.0,412,PSD,Partidul Social Democrat,Social Democratic Party,3.2325,23,787,319.0,1033.0,1120,Partidul Social Democrat,soc,Social democracy,2.4518,6.2794,8.6459,11
ROU,Romania,parliament,2012-12-09,,100.0,412,PNL,Partidul Naţional Liberal,National Liberal Party,6.0543,23,787,319.0,1033.0,1015,Partidul National Liberal,lib,Liberal,7.245,3.5474,9.6079,6
ROU,Romania,parliament,2012-12-09,16.51,52.0,412,PD-L,Partidul Democrat-Liberal,Democratic Liberal Party,5.3875,23,787,319.0,1033.0,958,Partidul Democrat-Liberal,lib,Liberal,5.1868,3.9647,9.5309,6
ROU,Romania,parliament,2012-12-09,13.99,47.0,412,PP-DD,Partidul Poporului – Dan Diaconescu,People's Party -- Dan Diaconescu,1.2,23,787,319.0,1033.0,2130,Partidul Poporului -- Dan Diaconescu,com,Communist/Socialist,1.4,3.0,3.3,14
ROU,Romania,parliament,2012-12-09,5.13,18.0,412,UDMR,Uniunea Democrată Maghiară din România,Democratic Union of Hungarians in Romania,6.016,23,787,319.0,1033.0,948,Uniunea Democratica Maghiara din Romania,con,Conservative,5.9825,3.8813,9.4801,26
ROU,Romania,parliament,2012-12-09,,18.0,412,etnice,Partidele minorităţilor etnice din România,Romanian ethnic minorities parties,,23,787,319.0,1033.0,425,Partidele minoritatilor etnice din Romania,none,no family,,,,12
ROU,Romania,parliament,2012-12-09,,13.0,412,PC,Partidul Conservator,Conservative Party,4.7622,23,787,319.0,1033.0,5,Partidul Conservator,con,Conservative,4.7538,6.2779,8.2028,26
ROU,Romania,parliament,2012-12-09,,10.0,412,UNPR,Uniunea Naţională pentru Progresul României,National Union for the Progress of Romania,3.3,23,787,319.0,1033.0,2002,Uniunea Nationala pentru Progresul Romaniei,soc,Social democracy,3.5,3.5,8.1,11
ROU,Romania,parliament,2012-12-09,,3.0,412,FC,Forța Civică,Civic Force,6.2,23,787,319.0,1033.0,2129,Forta Civica,chr,Christian democracy,5.7,7.2,8.3,3
ROU,Romania,parliament,2012-12-09,,1.0,412,PNT-CD,Partidul Naţional Ţărănesc Creştin Democrat,Christian-Democratic National Peasants' Party,5.5341,23,787,319.0,1033.0,888,Partidul National Taranesc Crestin Democrat,chr,Christian democracy,4.9393,6.8421,8.8158,3
ROU,Romania,parliament,2012-12-09,1.25,0.0,412,PRM,Partidul România Mare,Greater Romania Party,6.6618,23,787,319.0,1033.0,713,Partidul Romania Mare,right,Right-wing,2.1497,9.5131,4.9488,40
SVK,Slovakia,parliament,2016-03-06,28.28,49.0,150,Smer,Smer – sociálna demokracia,Direction -- Social Democracy,3.3799,1,1003,781.0,1027.0,220,Smer -- socialna demokracia,soc,Social democracy,3.5124,3.6548,7.1697,11
SVK,Slovakia,parliament,2016-03-06,12.1,21.0,150,SaS,Sloboda a solidarita,Freedom and Solidarity,6.0,1,1003,781.0,1027.0,1460,Sloboda a solidarita,lib,Liberal,6.7,3.5,8.7,6
SVK,Slovakia,parliament,2016-03-06,11.03,19.0,150,OLaNO,Obyčajní ľudia a nezávislé osobnosti,Ordinary People and Independent,7.4,1,1003,781.0,1027.0,1759,Obycajni ludia a nezavisle osobnosti,con,Conservative,6.4,6.9,7.8,26
SVK,Slovakia,parliament,2016-03-06,8.64,15.0,150,SNS,Slovenská národná strana,Slovak National Party,7.0198,1,1003,781.0,1027.0,1072,Slovenska narodna strana,right,Right-wing,4.5191,8.46,3.838,40
SVK,Slovakia,parliament,2016-03-06,8.04,14.0,150,LsNS,Ľudová strana Naše Slovensko,People's Party Our Slovakia,8.7,1,1003,781.0,1027.0,586,Ludova strana Nase Slovensko,right,Right-wing,5.9,8.6,2.4,40
SVK,Slovakia,parliament,2016-03-06,6.63,11.0,150,SR,Sme Rodina – Boris Kollár,We are family -- Boris Kollar,8.7,1,1003,781.0,1027.0,2623,Sme Rodina -- Boris Kollar,right,Right-wing,5.9,8.6,2.4,40
SVK,Slovakia,parliament,2016-03-06,6.5,11.0,150,MH,Most-Híd,Most-Hid,7.4,1,1003,781.0,1027.0,1620,Most-Hid,con,Conservative,6.4,6.9,7.8,26
SVK,Slovakia,parliament,2016-03-06,5.61,10.0,150,S,Sieť,Network,7.4,1,1003,781.0,1027.0,2624,Siet,con,Conservative,6.4,6.9,7.8,26
SVK,Slovakia,parliament,2016-03-06,4.94,0.0,150,KDH,Kresťanskodemokratické hnutie,Christian Democratic Movement,7.1082,1,1003,781.0,1027.0,1432,Krest'anskodemokraticke hnutie,chr,Christian democracy,6.9698,8.8217,6.6998,3
SVK,Slovakia,parliament,2016-03-06,4.05,0.0,150,MK,Maďarskej koalície – Magyar koalíció,Hungarian Coalition,6.5005,1,1003,781.0,1027.0,559,Ma'arskej koalicie -- Magyar koalicio,con,Conservative,6.0172,6.1761,9.3803,26
SVN,Slovenia,parliament,2014-07-13,34.49,36.0,90,SMC,Stranka Mira Cerarja,Party of Miro Cerar,3.3,60,817,778.0,1047.0,2333,Stranka Mira Cerarja,soc,Social democracy,3.5,3.5,8.1,11
SVN,Slovenia,parliament,2014-07-13,20.71,21.0,90,SDS,Slovenska demokratska stranka,Slovenian Democratic Party,6.9996,60,817,778.0,1047.0,179,Slovenska demokratska stranka,soc,Social democracy,5.6339,6.7947,8.804,11
SVN,Slovenia,parliament,2014-07-13,10.18,10.0,90,DeSUS,Demokratična stranka upokojencev Slovenije,Democratic Party of Pensioners of Slovenia,3.2292,60,817,778.0,1047.0,1587,Demokraticna stranka upokojencev Slovenije,spec,Special issue,3.225,5.0708,7.0936,16
SVN,Slovenia,parliament,2014-07-13,5.98,6.0,90,ZL-SD,Združena lista – Socialni demokrati,United List -- Social Democrats,3.0637,60,817,778.0,1047.0,706,Zdruzena lista -- Socialni demokrati,soc,Social democracy,3.8001,2.9642,8.1513,11
SVN,Slovenia,parliament,2014-07-13,5.97,6.0,90,ZdLe,Združena levica,United Left,1.2,60,817,778.0,1047.0,2334,Zdruzena levica,com,Communist/Socialist,1.4,3.0,3.3,14
SVN,Slovenia,parliament,2014-07-13,5.59,5.0,90,NSI,Nova Slovenija – Krščanska ljudska stranka,New Slovenia -- Christian People's Party,7.9345,60,817,778.0,1047.0,1047,Nova Slovenija -- Krscanska ljudska stranka,chr,Christian democracy,5.9719,8.3998,8.4866,3
SVN,Slovenia,parliament,2014-07-13,4.38,4.0,90,ZaAB,Zavezništvo Alenke Bratušek,Alliance of Alenka Bratusek,3.3,60,817,778.0,1047.0,2337,Zaveznistvo Alenke Bratusek,soc,Social democracy,3.5,3.5,8.1,11
SVN,Slovenia,parliament,2014-07-13,,1.0,90,Ita,Italijanska narodna skupnost,Italian national community,,60,817,778.0,1047.0,199,Italijanska narodna skupnost,spec,Special issue,,,,16
SVN,Slovenia,parliament,2014-07-13,,1.0,90,Mad,Madžarska narodna skupnost,Hungarian national community,,60,817,778.0,1047.0,65,Madzarska narodna skupnost,spec,Special issue,,,,16
SVN,Slovenia,parliament,2014-07-13,3.95,0.0,90,SLS,Slovenska ljudska stranka,Slovenian People's Party,6.6953,60,817,778.0,1047.0,16,Slovenska ljudska stranka,chr,Christian democracy,5.0282,7.6299,6.8549,3
SVN,Slovenia,parliament,2014-07-13,2.97,0.0,90,LZJ-PS,Lista Zorana Jankovića – Pozitivna Slovenija,Zoran Jankovic's List -- Positive Slovenia,3.3,60,817,778.0,1047.0,1987,Lista Zorana Jankovica -- Pozitivna Slovenija,soc,Social democracy,3.5,3.5,8.1,11
SVN,Slovenia,parliament,2014-07-13,2.2,0.0,90,SNS,Slovenska nacionalna stranka,Slovenian National Party,4.7941,60,817,778.0,1047.0,981,Slovenska nacionalna stranka,code,to be coded,4.3938,6.0148,2.6754,28
SVN,Slovenia,parliament,2014-07-13,1.34,0.0,90,PSS, Piratska stranka Slovenije,Slovenian Pirate Party,,60,817,778.0,1047.0,2338, Piratska stranka Slovenije,spec,Special issue,,,,16
SWE,Sweden,parliament,2014-09-14,31.01,113.0,349,SAP,Socialdemokraterna,Social Democrats,3.4447,35,828,512.0,854.0,904,Socialdemokraterna,soc,Social democracy,3.5655,4.4407,7.4445,11
SWE,Sweden,parliament,2014-09-14,23.33,84.0,349,M,Moderaterna,Moderate Party,7.8907,35,828,512.0,854.0,657,Moderaterna,con,Conservative,8.4089,5.6977,8.5872,26
SWE,Sweden,parliament,2014-09-14,12.86,49.0,349,SD,Sverigedemokraterna,Sweden Democrats,8.7,35,828,512.0,854.0,1546,Sverigedemokraterna,right,Right-wing,5.9,8.6,2.4,40
SWE,Sweden,parliament,2014-09-14,6.89,25.0,349,MP,Miljöpartiet de Gröna,Greens,3.3789,35,828,512.0,854.0,1154,Miljopartiet de Grona,eco,Green/Ecologist,3.3866,2.5198,0.9875,19
SWE,Sweden,parliament,2014-09-14,6.11,22.0,349,C,Centerpartiet,Centre Party,5.8084,35,828,512.0,854.0,1461,Centerpartiet,agr,Agrarian,5.9903,6.0583,5.5679,2
SWE,Sweden,parliament,2014-09-14,5.72,21.0,349,V,Vänsterpartiet (kommunisterna),Left Party (Communists),1.5464,35,828,512.0,854.0,882,Vansterpartiet (kommunisterna),com,Communist/Socialist,1.4121,2.4562,1.2042,14
SWE,Sweden,parliament,2014-09-14,5.42,19.0,349,FP,Folkpartiet,People's Party,6.2906,35,828,512.0,854.0,892,Folkpartiet,lib,Liberal,7.3062,2.8515,9.4643,6
SWE,Sweden,parliament,2014-09-14,4.57,16.0,349,KD,Kristdemokraterna,Christian Democrats,7.195,35,828,512.0,854.0,282,Kristdemokraterna,chr,Christian democracy,6.7938,7.9997,7.8597,3
SWE,Sweden,parliament,2014-09-14,3.12,0.0,349,Fi,Feministiskt initiativ,Feminist Initiative,,35,828,512.0,854.0,1521,Feministiskt initiativ,spec,Special issue,,,,16
TUR,Turkey,parliament,2015-11-01,49.5,317.0,550,AKP,Adalet ve Kalkınma Partisi,Justice and Development Party,6.9873,20,997,975.0,1173.0,901,Adalet ve Kalkinma Partisi,con,Conservative,3.797,8.499,8.6278,26
TUR,Turkey,parliament,2015-11-01,25.32,134.0,550,SHP|CHP,Sosyal Demokrat Halçi Parti | Cumhuriyet Halk Partisi,Social Democratic Populist Party | Republican People's Party,3.2661,20,997,975.0,1173.0,507,Sosyal Demokrat Halci Parti | Cumhuriyet Halk Partisi,soc,Social democracy,2.8138,4.6154,7.3887,11
TUR,Turkey,parliament,2015-11-01,10.76,59.0,550,HDP,Halkların Demokratik Partisi,Peoples' Democratic Party,1.2,20,997,975.0,1173.0,2572,Halklarin Demokratik Partisi,com,Communist/Socialist,1.4,3.0,3.3,14
TUR,Turkey,parliament,2015-11-01,11.9,40.0,550,MHP,Milliyetçi Hareket Partisi,National Action Party,8.6587,20,997,975.0,1173.0,408,Milliyetci Hareket Partisi,right,Right-wing,4.0081,9.4332,2.0078,40
